Date,nominal_yield,inflation,cpi,real_yield,yield_curve,economic_uncertainty,market_price,market_volume,market_volatility,volatility_expectation,russel_two_volatility,large_cap_volatility,oil,unemployment
2004-03-30,3.91,2.39,0.6445,1.52,2.28,21.32,2000.63,1598550000.0,0.2,16.28,23.46,23.18,36.15,5.8
2004-03-31,3.86,2.38,0.6445,1.48,2.26,93.16,1994.22,1861460000.0,0.2001,16.74,23.65,23.76,35.75,5.8
2004-04-01,3.91,2.43,0.3202,1.48,2.26,79.57,2015.01,1833430000.0,0.1987,16.65,23.59,23.41,34.47,5.6
2004-04-02,4.15,2.46,0.3202,1.69,2.29,46.53,2057.1699,2183740000.0,0.2076,15.64,21.93,21.35,34.39,5.6
2004-04-05,4.24,2.49,0.3202,1.75,2.33,121.38,2079.1201,1736300000.0,0.2045,14.97,22.13,21.11,34.29,5.6
2004-04-06,4.19,2.46,0.3202,1.73,2.33,71.35,2059.8999,1811100000.0,0.2066,15.32,22.55,22.23,35.09,5.6
2004-04-07,4.19,2.37,0.3202,1.82,2.32,23.44,2050.24,1774960000.0,0.2059,15.76,22.24,21.99,36.28,5.6
2004-04-08,4.21,2.41,0.3202,1.8,2.33,43.58,2052.8799,1694140000.0,0.2055,16.26,22.65,21.38,37.14,5.6
2004-05-24,4.75,2.74,0.3202,2.01,2.16,46.09,1922.98,1422080000.0,0.1837,18.08,26.49,24.33,42.03,5.6
2004-05-25,4.73,2.7,0.3202,2.03,2.15,55.76,1964.65,1770600000.0,0.1905,15.96,24.42,22.04,41.45,5.6
2004-05-26,4.67,2.68,0.3202,1.99,2.15,50.05,1976.15,1591030000.0,0.1915,15.97,23.86,21.63,40.6,5.6
2004-05-27,4.6,2.63,0.3202,1.97,2.14,81.89,1984.5,1641260000.0,0.1894,15.28,23.49,21.5,39.25,5.6
2004-05-28,4.66,2.66,0.3202,2.0,2.12,44.69,1986.74,1233190000.0,0.1892,15.5,23.49,21.33,39.9,5.6
2004-08-17,4.21,2.39,-0.1581,1.82,1.77,22.3,1795.25,1390280000.0,0.1994,17.02,25.4,25.55,46.75,5.5
2004-08-18,4.23,2.4,-0.1581,1.83,1.79,59.61,1831.37,1575050000.0,0.2099,16.23,24.08,24.17,47.36,5.5
2004-08-19,4.22,2.46,-0.1581,1.76,1.79,20.9,1819.89,1416730000.0,0.2065,16.96,25.03,23.91,48.66,5.5
2004-08-20,4.24,2.45,-0.1581,1.79,1.78,21.29,1838.02,1342650000.0,0.2082,16.0,23.88,23.06,47.6,5.5
2004-08-23,4.28,2.42,-0.1581,1.86,1.78,160.15,1838.7,1224660000.0,0.2081,15.88,23.99,22.54,46.0,5.5
2004-08-24,4.28,2.41,-0.1581,1.87,1.78,61.29,1836.89,1301090000.0,0.2081,15.33,23.7,21.97,45.68,5.5
2004-08-25,4.26,2.38,-0.1581,1.88,1.75,41.33,1860.72,1320640000.0,0.2111,14.98,22.83,21.41,43.83,5.5
2004-08-26,4.22,2.36,-0.1581,1.86,1.74,37.69,1852.92,1183830000.0,0.2113,14.91,23.2,21.6,43.06,5.5
2004-08-27,4.23,2.37,-0.1581,1.86,1.75,74.96,1862.09,1011070000.0,0.2074,14.71,22.08,21.27,43.11,5.5
2004-08-30,4.19,2.36,-0.1581,1.83,1.72,96.69,1836.49,1007640000.0,0.211,15.44,23.12,23.14,42.32,5.5
2004-08-31,4.13,2.35,-0.1581,1.78,1.72,26.87,1838.1,1298910000.0,0.2039,15.29,23.0,22.92,42.23,5.5
2004-09-01,4.13,2.36,0.2111,1.77,1.72,66.32,1850.41,1426350000.0,0.1949,14.91,22.52,22.65,43.89,5.4
2004-09-02,4.2,2.37,0.2111,1.83,1.74,35.27,1873.4301,1208770000.0,0.1971,14.28,22.0,21.62,44.04,5.4
2004-09-03,4.3,2.42,0.2111,1.88,1.69,152.34,1844.48,1244610000.0,0.1923,13.91,21.71,21.06,43.94,5.4
2004-10-19,4.07,2.37,0.5266,1.7,1.5,79.13,1922.9,1713330000.0,0.1481,15.13,21.55,20.84,53.28,5.5
2004-10-20,4.01,2.35,0.5266,1.66,1.48,36.91,1932.97,1650470000.0,0.1477,14.85,21.08,20.65,54.93,5.5
2004-10-21,4.01,2.39,0.5266,1.62,1.44,44.07,1953.62,2006000000.0,0.1479,14.54,20.2,20.36,54.51,5.5
2004-10-22,4.0,2.36,0.5266,1.64,1.45,66.65,1915.14,1737960000.0,0.156,15.28,21.27,21.36,55.83,5.5
2004-10-25,3.99,2.36,0.5266,1.63,1.45,58.43,1914.04,1603830000.0,0.1541,16.58,22.56,22.7,55.52,5.5
2004-10-26,4.01,2.38,0.5266,1.63,1.47,78.75,1928.79,1812550000.0,0.1556,16.39,22.0,22.47,56.37,5.5
2004-10-27,4.11,2.38,0.5266,1.73,1.48,177.79,1969.99,2075920000.0,0.1638,15.72,21.55,21.52,52.52,5.5
2004-10-28,4.09,2.41,0.5266,1.68,1.5,113.5,1975.74,1821820000.0,0.1636,15.39,21.98,21.25,50.95,5.5
2004-10-29,4.05,2.42,0.5266,1.63,1.49,54.06,1974.99,1639950000.0,0.1636,16.27,22.03,21.9,51.78,5.5
2004-11-01,4.11,2.44,0.0524,1.67,1.5,97.99,1979.87,1522820000.0,0.1635,16.27,22.22,22.61,50.1,5.4
2004-11-02,4.1,2.49,0.0524,1.61,1.5,127.22,1984.79,1845080000.0,0.1627,16.18,22.59,22.97,49.6,5.4
2004-11-03,4.09,2.48,0.0524,1.61,1.49,161.08,2004.33,1957400000.0,0.1534,14.04,20.69,20.82,50.9,5.4
2004-11-04,4.1,2.45,0.0524,1.65,1.47,249.87,2023.63,1823490000.0,0.1548,13.97,19.7,20.16,48.8,5.4
2004-11-05,4.21,2.5,0.0524,1.71,1.41,59.0,2038.9399,1908970000.0,0.1544,13.84,19.34,19.47,49.65,5.4
2004-11-08,4.22,2.5,0.0524,1.72,1.42,74.18,2039.25,1609270000.0,0.1495,13.8,19.98,19.22,49.1,5.4
2004-11-09,4.22,2.48,0.0524,1.74,1.42,54.61,2043.33,1692200000.0,0.1494,13.61,19.05,19.19,47.4,5.4
2004-11-10,4.25,2.5,0.0524,1.75,1.43,42.43,2034.5601,1853460000.0,0.1478,13.08,18.59,19.41,48.7,5.4
2004-11-12,4.2,2.49,0.0524,1.71,1.34,27.22,2085.3401,2004310000.0,0.1402,13.33,17.67,18.82,47.3,5.4
2004-11-15,4.2,2.53,0.0524,1.67,1.31,65.69,2094.0901,1888260000.0,0.14,13.38,18.03,18.5,46.95,5.4
2004-11-16,4.21,2.53,0.0524,1.68,1.3,69.35,2078.6201,1901080000.0,0.1428,13.21,18.37,18.6,46.1,5.4
2004-11-17,4.14,2.51,0.0524,1.63,1.29,39.74,2099.6799,2223370000.0,0.1438,13.21,18.0,18.5,46.85,5.4
2004-11-18,4.12,2.48,0.0524,1.64,1.26,32.37,2104.28,1915430000.0,0.1379,12.98,18.12,18.79,46.3,5.4
2004-11-19,4.2,2.53,0.0524,1.67,1.25,103.83,2070.6299,2033710000.0,0.1394,13.5,18.75,19.72,48.9,5.4
2004-11-22,4.18,2.56,0.0524,1.62,1.23,55.51,2085.1899,1897960000.0,0.1399,12.97,18.32,18.77,48.48,5.4
2004-11-23,4.19,2.54,0.0524,1.65,1.21,38.16,2084.28,2057620000.0,0.1396,12.67,18.04,18.43,48.74,5.4
2004-11-24,4.2,2.56,0.0524,1.64,1.19,40.0,2102.54,1638170000.0,0.1398,12.72,17.31,17.88,49.14,5.4
2005-05-09,4.29,2.6,0.6725,1.69,0.53,134.88,1979.67,1441010000.0,0.1717,13.75,18.63,18.37,52.04,5.2
2005-05-10,4.23,2.58,0.6725,1.65,0.54,74.58,1962.77,1595520000.0,0.1714,14.91,19.59,18.11,51.76,5.2
2005-05-11,4.21,2.57,0.6725,1.64,0.53,28.92,1971.55,1716160000.0,0.1651,14.45,19.68,17.87,50.39,5.2
2005-05-12,4.18,2.52,0.6725,1.66,0.52,108.92,1963.88,1783430000.0,0.1652,16.12,20.38,18.81,48.83,5.2
2005-05-13,4.12,2.46,0.6725,1.66,0.51,46.95,1976.78,1878980000.0,0.1652,16.32,21.1,18.41,48.65,5.2
2005-05-16,4.13,2.47,0.6725,1.66,0.52,42.51,1994.4301,1390290000.0,0.167,15.68,21.16,18.77,48.64,5.2
2005-05-17,4.12,2.48,0.6725,1.64,0.51,60.07,2004.15,1520510000.0,0.1672,14.57,20.02,18.28,48.97,5.2
2005-05-18,4.07,2.42,0.6725,1.65,0.51,28.86,2030.65,1957880000.0,0.1714,13.63,18.37,17.55,46.99,5.2
2005-05-19,4.11,2.42,0.6725,1.69,0.47,41.57,2042.58,1700580000.0,0.1699,13.32,18.64,16.95,47.0,5.2
2005-05-20,4.13,2.46,0.6725,1.67,0.44,38.2,2046.42,1492720000.0,0.1672,13.14,18.14,15.88,47.25,5.2
2005-05-23,4.07,2.42,0.6725,1.65,0.42,9.69,2056.6499,1620130000.0,0.1671,12.95,17.92,16.04,48.68,5.2
2005-05-24,4.04,2.42,0.6725,1.62,0.43,32.51,2061.6201,1695940000.0,0.1664,12.69,17.77,15.84,49.14,5.2
2005-05-25,4.08,2.42,0.6725,1.66,0.47,43.64,2050.1201,1493000000.0,0.1601,12.58,18.18,15.62,50.37,5.2
2005-05-26,4.08,2.39,0.6725,1.69,0.44,34.75,2071.24,1596460000.0,0.1553,12.24,17.41,15.0,50.89,5.2
2005-05-27,4.08,2.41,0.6725,1.67,0.44,57.98,2075.73,1237350000.0,0.1405,12.15,17.26,15.15,51.65,5.2
2005-08-16,4.23,2.36,0.5118,1.87,0.2,24.99,2137.0601,1540320000.0,0.1198,13.52,21.51,16.2,66.11,4.9
2005-08-17,4.28,2.37,0.5118,1.91,0.21,8.87,2145.1499,1518010000.0,0.1187,13.3,21.19,15.57,63.29,4.9
2005-08-18,4.21,2.35,0.5118,1.86,0.2,29.22,2136.0801,1391780000.0,0.1196,13.42,21.28,15.29,63.47,4.9
2005-08-19,4.21,2.36,0.5118,1.85,0.18,12.89,2135.5601,1205270000.0,0.1084,13.42,20.18,16.16,65.51,4.9
2005-08-22,4.22,2.36,0.5118,1.86,0.19,187.42,2141.4099,1351650000.0,0.1043,13.42,20.18,15.94,65.46,4.9
2005-08-23,4.2,2.35,0.5118,1.85,0.19,80.38,2137.25,1341270000.0,0.1039,13.34,19.78,15.57,65.81,4.9
2005-08-24,4.19,2.36,0.5118,1.83,0.2,23.97,2128.9099,1718580000.0,0.1045,14.17,19.75,15.43,67.1,4.9
2005-08-25,4.18,2.38,0.5118,1.8,0.18,43.54,2134.3701,1307580000.0,0.104,13.73,19.36,15.35,67.29,4.9
2005-08-26,4.2,2.39,0.5118,1.81,0.14,61.91,2120.77,1261130000.0,0.1053,13.72,19.68,15.37,66.05,4.9
2005-08-29,4.2,2.41,0.5118,1.79,0.14,59.48,2137.6499,1268560000.0,0.107,13.52,19.3,15.3,67.41,4.9
2005-08-30,4.16,2.45,0.5118,1.71,0.19,51.08,2129.76,1436400000.0,0.0998,13.65,19.57,15.36,69.91,4.9
2005-08-31,4.02,2.37,0.5118,1.65,0.18,34.98,2152.0901,1631780000.0,0.1025,12.6,18.87,14.71,68.63,4.9
2005-09-01,4.02,2.41,1.222,1.61,0.3,66.47,2147.8999,1623320000.0,0.1019,13.15,18.86,15.07,69.5,5.0
2005-09-02,4.03,2.44,1.222,1.59,0.28,69.76,2141.0701,1130450000.0,0.1021,13.57,19.16,15.67,66.91,5.0
2005-10-18,4.49,2.57,1.222,1.92,0.22,114.75,2056.0,1460730000.0,0.1097,15.33,23.25,16.48,62.94,5.0
2005-10-19,4.47,2.55,1.222,1.92,0.22,28.71,2091.24,1893300000.0,0.1219,13.5,22.74,15.57,62.11,5.0
2005-10-20,4.46,2.54,1.222,1.92,0.19,40.69,2068.1101,1797930000.0,0.1252,16.11,23.79,16.35,61.04,5.0
2005-10-21,4.39,2.5,1.222,1.89,0.17,49.41,2082.21,1770700000.0,0.1264,16.13,23.78,15.82,61.05,5.0
2005-10-24,4.45,2.52,1.222,1.93,0.2,59.35,2115.8301,1551470000.0,0.1356,14.74,22.67,15.23,60.63,5.0
2005-10-25,4.54,2.49,1.222,2.05,0.2,204.91,2109.45,1599120000.0,0.1352,14.53,22.56,15.28,62.83,5.0
2005-10-26,4.6,2.54,1.222,2.06,0.22,89.33,2100.05,1832000000.0,0.1326,14.59,22.67,15.87,60.85,5.0
2005-10-27,4.57,2.56,1.222,2.01,0.21,52.22,2063.8101,1718600000.0,0.1411,16.02,23.81,17.7,61.03,5.0
2005-10-28,4.58,2.57,1.222,2.01,0.18,66.07,2089.8799,1886560000.0,0.145,14.25,23.07,17.52,61.3,5.0
2005-10-31,4.57,2.57,1.222,2.0,0.17,110.84,2120.3,1869760000.0,0.1507,15.32,23.7,17.99,59.8,5.0
2005-11-01,4.58,2.58,-0.8032,2.0,0.16,157.36,2114.05,1903230000.0,0.1498,14.85,23.75,17.39,59.85,5.0
2005-11-02,4.61,2.59,-0.8032,2.02,0.18,42.88,2144.3101,2173290000.0,0.1514,13.48,22.55,15.82,59.75,5.0
2005-11-03,4.65,2.62,-0.8032,2.03,0.18,38.14,2160.22,2346250000.0,0.1527,13.0,21.86,15.65,61.7,5.0
2005-11-04,4.66,2.6,-0.8032,2.06,0.19,70.41,2169.4299,1699610000.0,0.1529,13.17,21.81,15.18,60.6,5.0
2005-11-07,4.65,2.62,-0.8032,2.03,0.18,57.6,2178.24,1621120000.0,0.1531,13.1,21.72,15.67,59.4,5.0
2005-11-08,4.57,2.56,-0.8032,2.01,0.14,53.78,2172.0701,1599370000.0,0.1532,13.08,21.39,15.56,59.7,5.0
2005-11-09,4.64,2.56,-0.8032,2.08,0.15,62.64,2175.8101,1594180000.0,0.1532,12.8,21.14,15.87,59.65,5.0
2005-11-10,4.55,2.48,-0.8032,2.07,0.11,36.38,2196.6799,1938030000.0,0.1517,11.9,20.29,14.61,57.8,5.0
2005-11-14,4.61,2.47,-0.8032,2.14,0.11,30.57,2200.95,1385360000.0,0.1514,12.18,19.59,14.68,57.6,5.0
2005-11-15,4.56,2.44,-0.8032,2.12,0.09,23.14,2186.74,1684810000.0,0.1509,12.23,20.08,14.79,57.05,5.0
2005-11-16,4.49,2.42,-0.8032,2.07,0.07,31.68,2187.9299,1721760000.0,0.1411,12.26,20.22,13.96,57.85,5.0
2005-11-17,4.46,2.42,-0.8032,2.04,0.09,82.43,2220.46,1809860000.0,0.1428,11.25,18.51,13.28,56.2,5.0
2005-11-18,4.5,2.41,-0.8032,2.09,0.1,70.69,2227.0701,1993850000.0,0.1428,11.12,18.18,14.36,56.3,5.0
2005-11-21,4.46,2.38,-0.8032,2.08,0.07,31.15,2241.6699,1661890000.0,0.1415,10.82,17.77,14.11,57.75,5.0
2005-11-22,4.43,2.4,-0.8032,2.03,0.11,26.69,2253.5601,1856560000.0,0.1377,10.6,17.18,14.01,58.3,5.0
2005-11-23,4.47,2.39,-0.8032,2.08,0.11,34.94,2259.98,1585710000.0,0.1306,10.96,17.05,14.16,58.35,5.0
2006-04-04,4.87,2.49,0.5536,2.38,0.03,184.15,2345.3601,2082320000.0,0.1069,11.14,18.21,16.26,65.75,4.7
2006-04-05,4.84,2.5,0.5536,2.34,0.03,26.97,2359.75,2027440000.0,0.1054,11.13,17.78,15.92,66.76,4.7
2006-04-06,4.9,2.52,0.5536,2.38,0.06,79.42,2361.1699,2141860000.0,0.1051,11.45,17.71,15.63,67.22,4.7
2006-04-07,4.97,2.54,0.5536,2.43,0.08,67.84,2339.02,2002360000.0,0.1092,12.26,18.38,15.88,67.02,4.7
2006-04-10,4.97,2.56,0.5536,2.41,0.08,35.01,2333.27,1840950000.0,0.1069,12.19,19.24,16.4,68.29,4.7
2006-04-11,4.93,2.56,0.5536,2.37,0.05,43.53,2310.3501,2098780000.0,0.1057,13.0,19.66,17.04,69.03,4.7
2006-04-12,4.98,2.57,0.5536,2.41,0.07,81.59,2314.6799,1536510000.0,0.0971,12.76,18.78,17.04,68.53,4.7
2006-04-13,5.05,2.57,0.5536,2.48,0.09,50.41,2326.1101,1516980000.0,0.098,12.38,18.41,16.34,69.53,4.7
2006-08-16,4.87,2.59,0.1966,2.28,0.0,98.87,2149.54,2474760000.0,0.1831,12.41,22.37,18.99,71.64,4.7
2006-08-17,4.87,2.59,0.1966,2.28,-0.02,24.82,2157.6101,1919020000.0,0.1835,12.24,22.21,18.96,70.12,4.7
2006-08-18,4.84,2.58,0.1966,2.26,-0.03,22.36,2163.95,1683790000.0,0.1802,11.64,21.9,18.45,70.93,4.7
2006-08-21,4.82,2.59,0.1966,2.23,-0.03,96.37,2147.75,1314000000.0,0.1807,12.22,22.59,19.87,72.45,4.7
2006-08-22,4.82,2.6,0.1966,2.22,-0.05,37.63,2150.02,1555940000.0,0.18,12.19,22.18,19.96,72.55,4.7
2006-08-23,4.82,2.57,0.1966,2.25,-0.05,29.26,2134.6599,1457180000.0,0.1728,12.4,22.5,20.29,71.45,4.7
2006-08-24,4.81,2.53,0.1966,2.28,-0.07,139.07,2137.1101,1404360000.0,0.164,12.4,21.93,19.52,72.02,4.7
2006-08-25,4.79,2.55,0.1966,2.24,-0.07,171.63,2140.29,1282510000.0,0.1615,12.31,21.54,16.98,72.13,4.7
2006-08-28,4.8,2.52,0.1966,2.28,-0.08,63.56,2160.7,1333860000.0,0.163,12.18,21.29,17.23,70.47,4.7
2006-08-29,4.79,2.5,0.1966,2.29,-0.08,7.5,2172.3,1580990000.0,0.1633,12.28,20.48,17.29,69.74,4.7
2006-08-30,4.76,2.48,0.1966,2.28,-0.07,45.2,2185.73,1620030000.0,0.1565,12.22,20.33,16.8,70.2,4.7
2006-08-31,4.74,2.5,0.1966,2.24,-0.05,38.02,2183.75,1700210000.0,0.1427,12.31,20.46,17.39,70.38,4.7
2006-09-01,4.73,2.48,-0.4904,2.25,-0.04,29.55,2193.1599,1325540000.0,0.1384,11.96,20.82,16.8,69.24,4.5
2006-10-17,4.78,2.32,-0.4904,2.46,-0.05,143.06,2344.95,2125950000.0,0.139,11.73,20.98,18.88,58.91,4.5
2006-10-18,4.77,2.31,-0.4904,2.46,-0.08,28.55,2337.1499,2130750000.0,0.1275,11.34,20.86,18.09,57.66,4.5
2006-10-19,4.79,2.3,-0.4904,2.49,-0.06,20.71,2340.9399,2000690000.0,0.1251,10.9,20.15,16.93,58.55,4.5
2006-10-20,4.79,2.3,-0.4904,2.49,-0.08,88.78,2342.3,1922070000.0,0.1251,10.63,18.94,16.7,57.35,4.5
2006-10-23,4.83,2.3,-0.4904,2.53,-0.07,40.93,2355.5601,1823480000.0,0.1254,11.08,19.37,17.62,56.74,4.5
2006-10-24,4.83,2.31,-0.4904,2.52,-0.08,32.62,2344.8401,1856880000.0,0.1165,10.78,18.85,17.25,57.55,4.5
2006-10-25,4.78,2.34,-0.4904,2.44,-0.1,50.21,2356.5901,2100780000.0,0.1165,10.66,18.4,16.78,59.09,4.5
2006-10-26,4.73,2.32,-0.4904,2.41,-0.08,46.58,2379.1001,2339540000.0,0.1184,10.56,17.83,16.59,60.27,4.5
2006-10-27,4.68,2.31,-0.4904,2.37,-0.08,54.44,2350.6201,2268950000.0,0.1253,10.8,18.77,17.41,60.75,4.5
2006-10-30,4.68,2.29,-0.4904,2.39,-0.1,16.99,2363.77,1724180000.0,0.1258,11.2,19.04,17.99,58.41,4.5
2006-10-31,4.61,2.27,-0.4904,2.34,-0.1,38.38,2366.71,1922150000.0,0.1235,11.1,18.75,17.28,58.72,4.5
2006-11-01,4.57,2.28,-0.1487,2.29,-0.09,26.97,2334.3501,2027020000.0,0.1268,11.51,19.95,17.98,58.64,4.5
2006-11-02,4.6,2.28,-0.1487,2.32,-0.07,49.04,2334.02,1887310000.0,0.1246,11.42,19.66,18.04,57.87,4.5
2006-11-03,4.72,2.32,-0.1487,2.4,-0.1,18.12,2330.79,1830050000.0,0.1214,11.16,19.02,17.23,59.13,4.5
2006-11-06,4.71,2.35,-0.1487,2.36,-0.11,21.01,2365.95,1892250000.0,0.1227,11.16,18.84,17.39,60.11,4.5
2006-11-07,4.66,2.34,-0.1487,2.32,-0.11,45.65,2375.8799,2088770000.0,0.1225,11.09,18.61,17.51,58.94,4.5
2006-11-08,4.64,2.35,-0.1487,2.29,-0.11,40.22,2384.9399,2076020000.0,0.1226,10.75,18.12,16.39,59.93,4.5
2006-11-09,4.62,2.34,-0.1487,2.28,-0.13,111.02,2376.01,2380240000.0,0.1236,11.01,18.45,16.66,61.18,4.5
2006-11-10,4.59,2.34,-0.1487,2.25,-0.14,54.02,2389.72,1680460000.0,0.1225,10.79,17.3,15.52,59.66,4.5
2006-11-13,4.61,2.32,-0.1487,2.29,-0.15,33.95,2406.3799,1720810000.0,0.1186,10.86,17.39,16.2,58.59,4.5
2006-11-14,4.57,2.29,-0.1487,2.28,-0.17,21.47,2430.6599,1926370000.0,0.1207,10.5,16.49,15.36,58.28,4.5
2006-11-15,4.61,2.31,-0.1487,2.3,-0.19,35.21,2442.75,2103870000.0,0.108,10.31,16.67,15.4,58.79,4.5
2006-11-16,4.66,2.28,-0.1487,2.38,-0.19,55.84,2449.0601,2038830000.0,0.1071,10.16,16.89,15.36,56.23,4.5
2006-11-17,4.61,2.28,-0.1487,2.33,-0.15,60.77,2445.8601,1732400000.0,0.1066,10.05,16.56,15.33,55.9,4.5
2006-11-20,4.6,2.27,-0.1487,2.33,-0.16,20.75,2452.72,1697480000.0,0.1063,9.97,16.55,15.13,56.42,4.5
2006-11-21,4.58,2.27,-0.1487,2.31,-0.17,14.02,2454.8401,1660270000.0,0.1063,9.9,15.84,15.02,58.01,4.5
2006-11-22,4.57,2.27,-0.1487,2.3,-0.17,37.22,2465.98,1573120000.0,0.1055,10.14,15.78,14.95,57.28,4.5
2007-04-03,4.67,2.42,0.9106,2.25,0.04,68.92,2450.3301,1932030000.0,0.1807,13.46,19.5,17.69,64.59,4.4
2007-04-04,4.66,2.43,0.9106,2.23,0.05,70.25,2458.6899,1933300000.0,0.1809,13.24,19.24,17.1,64.4,4.4
2007-04-05,4.68,2.46,0.9106,2.22,0.05,33.6,2471.3401,1537800000.0,0.1815,13.23,18.74,16.75,64.26,4.4
2007-05-21,4.79,2.36,0.6111,2.43,-0.02,115.74,2578.79,1974220000.0,0.11,13.3,18.05,16.03,66.25,4.4
2007-05-22,4.83,2.35,0.6111,2.48,0.0,99.84,2588.02,1943950000.0,0.11,13.06,17.46,16.07,64.91,4.4
2007-05-23,4.86,2.36,0.6111,2.5,0.01,43.12,2577.05,2011060000.0,0.1081,13.24,17.96,16.93,65.1,4.4
2007-05-24,4.86,2.38,0.6111,2.48,0.01,34.33,2537.9199,2350850000.0,0.1165,14.08,19.43,18.02,63.62,4.4
2007-05-25,4.86,2.37,0.6111,2.49,0.01,52.84,2557.1899,1559700000.0,0.1177,13.34,18.32,17.07,64.59,4.4
2007-08-16,4.6,2.21,-0.1834,2.39,0.52,60.99,2451.0701,3279620000.0,0.1911,30.83,35.34,29.03,70.99,4.6
2007-08-17,4.68,2.23,-0.1834,2.45,0.5,150.81,2505.03,2580340000.0,0.2032,29.99,34.35,27.04,71.9,4.6
2007-08-20,4.64,2.2,-0.1834,2.44,0.53,140.85,2508.5901,1656440000.0,0.2032,26.33,32.5,25.2,71.12,4.6
2007-08-21,4.6,2.22,-0.1834,2.38,0.55,236.43,2521.3,1677080000.0,0.2021,25.25,30.5,23.67,69.49,4.6
2007-08-22,4.63,2.21,-0.1834,2.42,0.48,63.95,2552.8,1787060000.0,0.2054,22.89,28.28,22.0,69.3,4.6
2007-08-23,4.62,2.23,-0.1834,2.39,0.42,48.56,2541.7,1622880000.0,0.1966,22.62,28.14,22.03,69.86,4.6
2007-08-24,4.63,2.23,-0.1834,2.4,0.33,112.79,2576.6899,1624860000.0,0.2016,20.72,25.91,20.69,71.17,4.6
2007-08-27,4.6,2.22,-0.1834,2.38,0.32,47.77,2561.25,1314030000.0,0.2019,22.72,28.31,22.63,71.98,4.6
2007-08-28,4.53,2.2,-0.1834,2.33,0.4,67.56,2500.6399,1562800000.0,0.2106,26.3,31.42,25.9,71.79,4.6
2007-08-29,4.57,2.19,-0.1834,2.38,0.43,41.9,2563.1599,1649720000.0,0.2249,23.81,29.51,23.61,73.52,4.6
2007-08-30,4.51,2.19,-0.1834,2.32,0.43,28.6,2565.3,1704910000.0,0.2233,25.06,30.84,25.38,73.37,4.6
2007-08-31,4.54,2.2,-0.1834,2.34,0.39,65.25,2596.3601,1536640000.0,0.2248,23.38,29.83,24.53,73.98,4.6
2007-10-16,4.66,2.35,0.2139,2.31,0.54,141.82,2763.9099,2038520000.0,0.1512,20.02,26.73,23.56,87.58,4.7
2007-10-17,4.57,2.35,0.2139,2.22,0.57,71.61,2792.6699,2400080000.0,0.1496,18.54,25.45,22.02,87.19,4.7
2007-10-18,4.52,2.32,0.2139,2.2,0.59,128.85,2799.3101,1973010000.0,0.1496,18.5,25.22,22.14,89.48,4.7
2007-10-19,4.41,2.32,0.2139,2.09,0.61,69.28,2725.1599,2371650000.0,0.1609,22.96,31.28,25.94,88.58,4.7
2007-10-22,4.42,2.31,0.2139,2.11,0.57,56.91,2753.9299,1958710000.0,0.1621,21.64,28.8,25.26,87.6,4.7
2007-10-23,4.41,2.3,0.2139,2.11,0.6,56.53,2799.26,2335770000.0,0.1631,20.41,27.56,24.13,86.45,4.7
2007-10-24,4.36,2.29,0.2139,2.07,0.62,54.3,2774.76,2739680000.0,0.1659,20.8,27.97,24.8,88.3,4.7
2007-10-25,4.37,2.33,0.2139,2.04,0.63,51.59,2750.8601,2753360000.0,0.1688,21.17,28.11,25.77,92.09,4.7
2007-10-26,4.41,2.36,0.2139,2.05,0.64,57.66,2804.1899,2583680000.0,0.176,19.56,26.33,25.01,91.73,4.7
2007-10-29,4.39,2.35,0.2139,2.04,0.6,92.29,2817.4399,2014730000.0,0.1733,19.87,27.03,25.83,93.45,4.7
2007-10-30,4.4,2.34,0.2139,2.06,0.58,176.2,2816.71,2121930000.0,0.1581,21.07,28.66,26.36,90.33,4.7
2007-10-31,4.48,2.34,0.2139,2.14,0.54,85.65,2859.1201,2534530000.0,0.1622,18.53,25.93,23.11,94.16,4.7
2007-11-01,4.36,2.36,0.594,2.0,0.59,30.35,2794.8301,2528410000.0,0.1768,23.21,31.23,26.26,93.53,4.7
2007-11-02,4.31,2.39,0.594,1.92,0.65,51.96,2810.3799,2426050000.0,0.1766,23.01,30.1,24.83,95.81,4.7
2007-11-05,4.35,2.41,0.594,1.94,0.66,50.29,2795.1799,2092590000.0,0.1776,24.31,31.48,26.1,94.06,4.7
2007-11-06,4.38,2.45,0.594,1.93,0.68,77.63,2825.1799,2482160000.0,0.1792,21.39,28.08,23.91,96.65,4.7
2007-11-07,4.34,2.43,0.594,1.91,0.73,64.86,2748.76,2491180000.0,0.1975,26.49,31.54,27.14,96.46,4.7
2007-11-08,4.28,2.4,0.594,1.88,0.81,66.91,2696.0,3461810000.0,0.2055,26.16,30.98,29.61,95.51,4.7
2007-11-09,4.23,2.41,0.594,1.82,0.81,124.21,2627.9399,2955790000.0,0.2183,28.5,32.29,32.52,96.36,4.7
2007-11-13,4.26,2.4,0.594,1.86,0.72,66.24,2673.6499,2662780000.0,0.2415,24.1,30.09,29.71,91.18,4.7
2007-11-14,4.28,2.4,0.594,1.88,0.71,51.47,2644.3201,2420260000.0,0.2427,25.94,31.9,31.32,94.02,4.7
2007-11-15,4.17,2.36,0.594,1.81,0.82,73.48,2618.51,2289480000.0,0.2439,28.06,34.12,32.91,93.37,4.7
2007-11-16,4.15,2.35,0.594,1.8,0.82,93.34,2637.24,2515680000.0,0.2391,25.49,31.47,28.79,94.81,4.7
2007-11-19,4.07,2.37,0.594,1.7,0.89,65.07,2593.3799,2188010000.0,0.2426,26.01,32.63,30.11,95.75,4.7
2007-11-20,4.06,2.38,0.594,1.68,0.92,46.66,2596.8101,2607370000.0,0.2416,24.88,31.37,29.89,99.16,4.7
2007-11-21,4.0,2.38,0.594,1.62,1.01,75.8,2562.1499,2034730000.0,0.243,26.84,32.74,30.55,98.57,4.7
2008-05-05,3.88,2.35,0.8421,1.53,1.46,77.59,2464.1201,2085110000.0,0.2201,18.9,23.74,22.43,119.94,5.4
2008-05-06,3.93,2.38,0.8421,1.55,1.55,116.49,2483.3101,2097260000.0,0.2205,18.21,23.55,21.88,121.82,5.4
2008-05-07,3.87,2.36,0.8421,1.51,1.56,97.19,2438.49,2238810000.0,0.2267,19.73,24.7,23.51,123.56,5.4
2008-05-08,3.79,2.36,0.8421,1.43,1.54,50.12,2451.24,2031770000.0,0.2183,19.4,24.2,23.18,123.77,5.4
2008-05-09,3.77,2.38,0.8421,1.39,1.52,76.49,2445.52,1711510000.0,0.2163,19.41,24.01,23.48,125.94,5.4
2008-05-12,3.78,2.37,0.8421,1.41,1.48,98.62,2488.49,1769330000.0,0.2201,17.79,22.54,22.46,124.02,5.4
2008-05-13,3.9,2.39,0.8421,1.51,1.43,55.77,2495.1201,1895250000.0,0.1964,17.98,22.17,21.5,125.83,5.4
2008-05-14,3.92,2.43,0.8421,1.49,1.39,130.43,2496.7,2129270000.0,0.1963,17.66,22.58,21.47,124.21,5.4
2008-05-15,3.83,2.43,0.8421,1.4,1.38,159.26,2533.73,2176320000.0,0.1998,16.3,21.84,20.13,124.25,5.4
2008-05-16,3.85,2.44,0.8421,1.41,1.38,110.23,2528.8501,2286090000.0,0.2001,16.47,22.36,20.0,126.5,5.4
2008-05-19,3.83,2.47,0.8421,1.36,1.41,72.05,2516.0901,2269590000.0,0.2008,17.01,22.31,21.09,127.15,5.4
2008-05-20,3.78,2.47,0.8421,1.31,1.44,49.07,2492.26,1991010000.0,0.202,17.58,22.26,21.37,128.93,5.4
2008-05-21,3.81,2.51,0.8421,1.3,1.4,63.32,2448.27,2166450000.0,0.2064,18.59,22.85,22.96,132.99,5.4
2008-05-22,3.92,2.51,0.8421,1.41,1.36,74.84,2464.5801,1932080000.0,0.2044,18.05,22.33,22.49,130.04,5.4
2008-05-23,3.85,2.49,0.8421,1.36,1.39,30.21,2444.6699,1734070000.0,0.1889,19.55,23.72,23.36,131.58,5.4
2008-08-18,3.82,2.15,-0.3992,1.67,1.47,70.39,2416.98,1632610000.0,0.2392,20.98,25.57,23.59,112.92,6.1
2008-08-19,3.83,2.15,-0.3992,1.68,1.51,65.92,2384.3601,1716280000.0,0.2358,21.28,26.01,24.21,114.39,6.1
2008-08-20,3.79,2.19,-0.3992,1.6,1.54,50.12,2389.0801,1746470000.0,0.2209,20.42,25.39,23.53,115.48,6.1
2008-08-21,3.84,2.23,-0.3992,1.61,1.51,51.6,2380.3799,1562430000.0,0.2202,19.82,25.07,23.15,121.23,6.1
2008-08-22,3.87,2.18,-0.3992,1.69,1.45,82.71,2414.71,1365910000.0,0.2209,18.81,23.76,22.38,114.48,6.1
2008-08-25,3.79,2.15,-0.3992,1.64,1.46,87.11,2365.5901,2366920000.0,0.2272,20.97,26.29,24.28,114.85,6.1
2008-08-26,3.79,2.16,-0.3992,1.63,1.44,147.96,2361.97,1256980000.0,0.2275,20.49,25.77,24.03,116.31,6.1
2008-08-27,3.77,2.19,-0.3992,1.58,1.46,101.81,2382.46,1540700000.0,0.2118,19.76,24.98,23.34,118.17,6.1
2008-08-28,3.79,2.17,-0.3992,1.62,1.42,55.81,2411.6399,1582680000.0,0.2119,19.43,24.15,23.15,115.58,6.1
2008-08-29,3.83,2.15,-0.3992,1.68,1.47,114.16,2367.52,1559030000.0,0.2158,20.65,24.98,24.02,115.55,6.1
2008-10-14,4.08,1.03,-1.0101,3.05,2.26,171.71,1779.01,2912850000.0,0.6325,55.13,65.59,62.77,78.69,6.5
2008-10-15,4.04,1.02,-1.0101,3.02,2.4,262.46,1628.33,2540180000.0,0.6728,69.25,75.74,72.93,74.38,6.5
2008-10-16,3.99,0.97,-1.0101,3.02,2.38,307.48,1717.71,3331040000.0,0.6957,67.61,75.68,72.39,69.81,6.5
2008-10-17,3.98,1.11,-1.0101,2.87,2.34,194.3,1711.29,2711030000.0,0.6955,70.33,71.42,71.26,71.9,6.5
2008-10-20,3.91,1.15,-1.0101,2.76,2.2,179.65,1770.03,2021750000.0,0.7053,52.97,57.48,59.65,74.08,6.5
2008-10-21,3.76,1.13,-1.0101,2.63,2.18,189.48,1696.6801,2099810000.0,0.7103,53.11,57.71,60.07,71.29,6.5
2008-10-22,3.65,1.06,-1.0101,2.59,2.12,195.14,1615.75,2560810000.0,0.7176,69.65,72.84,70.92,66.92,6.5
2008-10-23,3.63,0.96,-1.0101,2.67,2.09,224.01,1603.91,3104700000.0,0.7141,67.8,73.93,69.84,67.17,6.5
2008-10-24,3.76,0.74,-1.0101,3.02,2.19,191.34,1552.03,2691940000.0,0.7157,79.13,83.79,78.82,63.34,6.5
2008-10-27,3.79,0.77,-1.0101,3.02,2.2,239.75,1505.9,2224430000.0,0.714,80.06,85.7,79.16,61.92,6.5
2008-10-28,3.89,0.83,-1.0101,3.06,2.24,215.9,1649.47,2777540000.0,0.7717,66.96,73.94,66.2,62.8,6.5
2008-10-29,3.93,0.88,-1.0101,3.05,2.35,283.86,1657.21,2748720000.0,0.7628,69.96,73.53,69.13,67.45,6.5
2008-10-30,4.0,0.94,-1.0101,3.06,2.41,255.12,1698.52,2504420000.0,0.7517,62.9,67.96,63.19,65.79,6.5
2008-10-31,4.01,0.87,-1.0101,3.14,2.45,215.88,1720.95,2437120000.0,0.7441,59.89,63.05,60.3,68.1,6.5
2008-11-03,3.96,0.87,-1.0101,3.09,2.51,231.23,1726.33,1770880000.0,0.7381,53.68,60.21,56.22,63.93,6.5
2008-11-04,3.81,0.93,-1.0101,2.88,2.42,110.6,1780.12,2306350000.0,0.7463,47.73,55.87,51.25,70.41,6.5
2008-11-05,3.73,0.97,-1.0101,2.76,2.37,354.54,1681.64,2092410000.0,0.76,54.56,59.4,55.43,65.41,6.5
2008-11-06,3.75,0.94,-1.0101,2.81,2.47,280.67,1608.7,2367880000.0,0.7639,63.68,66.5,62.7,60.72,6.5
2008-11-07,3.83,0.97,-1.0101,2.86,2.5,170.82,1647.4,1886230000.0,0.7699,56.1,59.73,55.14,61.06,6.5
2008-11-10,3.82,0.98,-1.0101,2.84,2.55,124.08,1616.74,1674900000.0,0.7258,59.98,62.51,58.44,62.19,6.5
2008-11-12,3.75,0.96,-1.0101,2.79,2.56,135.42,1499.21,2120870000.0,0.7157,66.46,70.63,64.64,55.95,6.5
2008-11-13,3.84,0.89,-1.0101,2.95,2.6,195.57,1596.7,3009550000.0,0.7384,59.83,63.29,58.03,58.31,6.5
2008-11-14,3.72,0.85,-1.0101,2.87,2.5,148.8,1516.85,2243750000.0,0.7492,66.31,72.01,66.05,57.18,6.5
2008-11-17,3.68,0.83,-1.0101,2.85,2.46,195.75,1482.05,1831540000.0,0.7429,69.15,75.44,68.6,55.14,6.5
2008-11-18,3.53,0.61,-1.0101,2.92,2.38,252.53,1483.27,2349230000.0,0.7265,67.64,76.31,68.31,54.42,6.5
2008-11-19,3.38,0.4,-1.0101,2.98,2.29,232.93,1386.42,2372880000.0,0.7484,74.26,82.62,74.66,53.64,6.5
2008-11-20,3.1,0.04,-1.0101,3.06,2.1,234.81,1316.12,3147650000.0,0.7461,80.86,87.62,80.64,48.86,6.5
2008-11-21,3.2,0.05,-1.0101,3.15,2.11,359.0,1384.35,3071280000.0,0.7644,72.67,80.31,71.2,49.22,6.5
2008-11-24,3.35,0.24,-1.0101,3.11,2.04,623.45,1472.02,2553620000.0,0.7092,64.7,72.34,62.92,53.63,6.5
2008-11-25,3.11,0.32,-1.0101,2.79,1.96,319.9,1464.73,2457510000.0,0.7041,60.9,68.5,59.71,50.02,6.5
2008-11-26,2.99,0.31,-1.0101,2.68,1.9,160.69,1532.1,1980020000.0,0.6746,54.92,65.06,55.26,54.2,6.5
2009-03-31,2.71,1.28,0.4352,1.43,1.9,212.96,1528.59,2157410000.0,0.4712,44.14,54.49,44.2,49.64,7.8
2009-04-01,2.68,1.31,0.2496,1.37,1.85,134.87,1551.6,2256580000.0,0.4728,42.28,52.68,42.48,48.46,9.0
2009-04-02,2.77,1.33,0.2496,1.44,1.89,124.79,1602.63,2833600000.0,0.4772,42.04,52.67,42.29,52.61,9.0
2009-04-03,2.91,1.38,0.2496,1.53,1.95,150.81,1621.87,2113380000.0,0.4776,39.7,50.37,40.6,52.52,9.0
2009-04-06,2.95,1.43,0.2496,1.52,2.01,148.5,1606.71,1998090000.0,0.4629,40.93,52.11,41.56,51.1,9.0
2009-04-07,2.93,1.32,0.2496,1.61,2.02,124.75,1561.61,1854700000.0,0.4614,40.39,51.4,41.07,49.13,9.0
2009-04-08,2.86,1.29,0.2496,1.57,1.93,136.7,1590.66,1837900000.0,0.4616,38.85,49.46,40.5,49.37,9.0
2009-04-09,2.96,1.34,0.2496,1.62,2.0,100.16,1652.54,2165450000.0,0.4644,36.53,46.9,38.23,52.24,9.0
2009-08-17,3.48,1.69,-0.1586,1.79,2.44,74.75,1930.84,1924190000.0,0.2073,27.89,33.7,27.59,66.72,9.5
2009-08-18,3.51,1.73,-0.1586,1.78,2.45,69.62,1955.92,1749420000.0,0.1941,26.18,31.56,26.18,69.22,9.5
2009-08-19,3.45,1.75,-0.1586,1.7,2.44,62.03,1969.24,1977750000.0,0.1941,26.26,31.13,26.21,72.54,9.5
2009-08-20,3.42,1.82,-0.1586,1.6,2.39,82.7,1989.22,1958470000.0,0.1949,25.09,29.68,24.97,72.4,9.5
2009-08-21,3.56,1.87,-0.1586,1.69,2.43,91.24,2020.9,2259140000.0,0.1976,25.01,29.66,24.69,73.12,9.5
2009-08-24,3.48,1.81,-0.1586,1.67,2.43,84.65,2017.98,2046370000.0,0.1921,25.14,30.59,25.27,73.68,9.5
2009-08-25,3.45,1.73,-0.1586,1.72,2.4,83.96,2024.23,1936980000.0,0.1922,24.92,30.1,25.13,71.6,9.5
2009-08-26,3.44,1.72,-0.1586,1.72,2.38,179.18,2024.4301,2037560000.0,0.1691,24.95,30.03,25.6,71.38,9.5
2009-08-27,3.47,1.72,-0.1586,1.75,2.43,46.48,2027.73,2140540000.0,0.1669,24.68,29.4,25.01,72.49,9.5
2009-08-28,3.46,1.7,-0.1586,1.76,2.45,61.05,2028.77,2340180000.0,0.1669,24.76,29.64,24.93,72.72,9.5
2009-08-31,3.4,1.64,-0.1586,1.76,2.43,49.01,2009.0601,2256210000.0,0.168,26.01,31.6,27.17,69.97,9.5
2009-09-01,3.38,1.64,0.0625,1.74,2.46,33.47,1968.89,2778570000.0,0.1794,29.15,34.17,29.31,68.11,9.8
2009-09-02,3.29,1.58,0.0625,1.71,2.4,68.77,1967.0699,1974330000.0,0.179,28.9,34.49,29.38,68.03,9.8
2009-09-03,3.33,1.64,0.0625,1.69,2.42,94.76,1983.2,1853450000.0,0.1663,27.1,33.47,28.1,67.9,9.8
2009-09-04,3.45,1.75,0.0625,1.7,2.51,47.03,2018.78,1722150000.0,0.1734,25.26,31.35,25.85,67.95,9.8
2009-10-20,3.35,1.98,0.0963,1.37,2.4,50.51,2163.47,2110580000.0,0.1591,20.9,26.98,21.62,78.87,10.0
2009-10-21,3.42,1.99,0.0963,1.43,2.42,82.95,2150.73,2565680000.0,0.1583,22.22,29.32,23.14,81.03,10.0
2009-10-22,3.44,1.95,0.0963,1.49,2.47,65.1,2165.29,2265230000.0,0.1563,20.69,27.58,21.58,80.82,10.0
2009-10-23,3.51,2.0,0.0963,1.51,2.47,110.76,2154.47,2441920000.0,0.1571,22.27,29.06,22.62,80.11,10.0
2009-10-26,3.59,2.0,0.0963,1.59,2.53,108.78,2141.8501,2316210000.0,0.1579,24.31,31.06,24.52,78.61,10.0
2009-10-27,3.49,2.0,0.0963,1.49,2.5,82.04,2116.0901,2384620000.0,0.1617,24.83,31.68,25.4,79.45,10.0
2009-10-28,3.44,1.96,0.0963,1.48,2.49,83.75,2059.6101,2769570000.0,0.1742,27.91,35.55,28.27,77.39,10.0
2009-10-29,3.53,2.03,0.0963,1.5,2.55,84.73,2097.55,2301370000.0,0.1829,24.76,32.56,25.4,79.84,10.0
2009-10-30,3.41,2.0,0.0963,1.41,2.51,108.64,2045.11,2610280000.0,0.1962,30.69,36.74,29.81,77.04,10.0
2009-11-02,3.45,2.04,0.0963,1.41,2.53,63.75,2049.2,2408320000.0,0.1962,29.78,37.35,29.88,78.08,10.0
2009-11-03,3.5,2.05,0.0963,1.45,2.58,136.59,2057.3201,2061050000.0,0.1962,28.81,35.61,28.88,79.58,10.0
2009-11-04,3.57,2.12,0.0963,1.45,2.66,413.44,2055.52,2217520000.0,0.1955,27.72,35.67,27.89,80.3,10.0
2009-11-05,3.57,2.16,0.0963,1.41,2.67,133.63,2105.3201,2209690000.0,0.2061,25.43,33.45,25.84,79.64,10.0
2009-11-06,3.54,2.17,0.0963,1.37,2.68,90.21,2112.4399,1829150000.0,0.2049,24.19,32.18,24.6,77.4,10.0
2009-11-09,3.52,2.22,0.0963,1.3,2.65,99.7,2154.0601,2004700000.0,0.2054,23.15,31.16,23.55,79.44,10.0
2009-11-10,3.5,2.19,0.0963,1.31,2.65,72.02,2151.0801,1997240000.0,0.2052,22.84,30.95,23.39,79.01,10.0
2009-11-12,3.45,2.12,0.0963,1.33,2.63,106.01,2149.02,2212370000.0,0.1852,24.24,32.24,24.05,77.25,10.0
2009-11-13,3.43,2.12,0.0963,1.31,2.61,123.13,2167.8799,1876220000.0,0.1854,23.36,30.64,22.92,76.34,10.0
2009-11-16,3.33,2.12,0.0963,1.21,2.55,74.62,2197.8501,2105020000.0,0.1873,22.89,30.54,23.13,78.91,10.0
2009-11-17,3.33,2.13,0.0963,1.2,2.55,100.42,2203.78,1887240000.0,0.1818,22.41,29.73,22.14,79.08,10.0
2009-11-18,3.36,2.15,0.0963,1.21,2.59,64.94,2193.1399,1990220000.0,0.1827,21.63,29.42,22.03,79.55,10.0
2009-11-19,3.35,2.14,0.0963,1.21,2.62,121.51,2156.8201,2208700000.0,0.1892,22.63,30.84,23.3,77.47,10.0
2009-11-20,3.36,2.15,0.0963,1.21,2.61,94.42,2146.04,1962760000.0,0.1888,22.19,30.11,22.49,76.83,10.0
2009-11-23,3.37,2.17,0.0963,1.2,2.6,136.98,2176.01,1840170000.0,0.1929,21.16,29.25,22.03,76.49,10.0
2009-11-24,3.32,2.11,0.0963,1.21,2.59,96.06,2169.1799,1858490000.0,0.1932,20.47,28.45,21.5,74.88,10.0
2009-11-25,3.28,2.12,0.0963,1.16,2.55,111.36,2176.05,1398610000.0,0.1885,20.48,28.6,21.32,77.25,10.0
2010-03-30,3.88,2.22,0.4106,1.66,2.82,63.15,2410.6899,2147270000.0,0.0951,17.13,22.17,18.23,82.14,9.9
2010-03-31,3.84,2.24,0.4106,1.6,2.82,89.89,2397.96,2368690000.0,0.0976,17.59,22.76,18.32,83.45,9.9
2010-04-01,3.89,2.28,0.1737,1.61,2.84,84.33,2402.5801,2340270000.0,0.0967,17.47,22.95,18.76,84.53,9.9
2010-05-17,3.47,2.16,0.1737,1.31,2.66,78.19,2354.23,2434480000.0,0.2629,30.84,37.62,31.78,70.08,9.9
2010-05-18,3.38,2.13,0.1737,1.25,2.62,74.4,2317.26,2490310000.0,0.266,33.55,41.77,35.48,69.38,9.9
2010-05-19,3.36,2.04,0.1737,1.32,2.56,66.07,2298.3701,2646160000.0,0.2667,35.32,43.7,37.79,69.91,9.9
2010-05-20,3.25,1.89,0.1737,1.36,2.49,62.11,2204.01,3420420000.0,0.2904,45.79,53.88,46.63,68.28,9.9
2010-05-21,3.2,1.87,0.1737,1.33,2.44,117.45,2229.04,3389670000.0,0.292,40.1,49.06,42.81,68.03,9.9
2010-05-24,3.23,1.88,0.1737,1.35,2.46,105.35,2213.55,2150020000.0,0.2918,38.32,46.46,39.84,68.23,9.9
2010-05-25,3.18,1.85,0.1737,1.33,2.37,154.58,2210.95,2946380000.0,0.2912,34.61,43.42,36.28,64.78,9.9
2010-05-26,3.21,1.91,0.1737,1.3,2.39,83.54,2195.8799,3077300000.0,0.2855,35.02,43.22,36.32,71.52,9.9
2010-05-27,3.34,2.01,0.1737,1.33,2.47,97.92,2277.6799,2408220000.0,0.3084,29.68,36.7,30.3,74.56,9.9
2010-05-28,3.31,1.99,0.1737,1.32,2.55,92.98,2257.04,2165590000.0,0.3074,32.07,38.49,31.61,74.0,9.9
2010-08-17,2.64,1.63,0.0211,1.01,2.12,126.51,2209.4399,1736870000.0,0.2255,24.33,32.96,25.92,75.76,9.4
2010-08-18,2.64,1.62,0.0211,1.02,2.13,111.88,2215.7,1654560000.0,0.208,24.59,33.59,25.98,75.39,9.4
2010-08-19,2.58,1.56,0.0211,1.02,2.09,91.51,2178.95,2094800000.0,0.2131,26.44,35.44,26.9,74.45,9.4
2010-08-20,2.62,1.57,0.0211,1.05,2.13,162.27,2179.76,1898500000.0,0.2112,25.49,34.63,25.76,73.45,9.4
2010-08-23,2.6,1.55,0.0211,1.05,2.11,146.06,2159.6299,1665900000.0,0.2128,25.66,35.23,26.49,72.71,9.4
2010-08-24,2.5,1.49,0.0211,1.01,2.0,112.75,2123.76,2141650000.0,0.2088,27.46,36.56,28.47,71.24,9.4
2010-08-25,2.54,1.53,0.0211,1.01,2.01,202.98,2141.54,2019480000.0,0.2103,26.7,35.35,27.77,72.07,9.4
2010-08-26,2.5,1.55,0.0211,0.95,1.99,153.88,2118.6899,1804510000.0,0.2119,27.37,35.88,28.88,73.36,9.4
2010-08-27,2.66,1.61,0.0211,1.05,2.1,174.13,2153.6299,2134550000.0,0.1988,24.45,32.88,26.31,75.17,9.4
2010-08-30,2.54,1.55,0.0211,0.99,2.04,235.2,2119.97,1585200000.0,0.2017,27.21,35.79,27.89,74.69,9.4
2010-08-31,2.47,1.52,0.0211,0.95,2.0,214.97,2114.03,2084110000.0,0.1984,26.05,35.47,27.45,71.93,9.4
2010-09-01,2.58,1.56,0.0582,1.02,2.08,296.8,2176.8401,2133970000.0,0.2129,23.89,32.9,24.93,73.97,9.5
2010-09-02,2.63,1.58,0.0582,1.05,2.13,113.68,2200.01,1680590000.0,0.2003,23.19,31.58,23.93,74.99,9.5
2010-09-03,2.72,1.62,0.0582,1.1,2.2,159.55,2233.75,1647790000.0,0.203,21.31,29.0,21.95,74.52,9.5
2010-10-19,2.5,2.06,0.1245,0.44,2.13,203.27,2436.95,2241840000.0,0.1501,20.63,29.2,21.91,79.57,9.4
2010-10-20,2.51,2.04,0.1245,0.47,2.16,206.51,2457.3899,2016770000.0,0.1499,19.79,28.53,21.65,81.93,9.4
2010-10-21,2.57,2.07,0.1245,0.5,2.2,217.01,2459.6699,2135480000.0,0.1501,19.27,27.89,21.18,80.03,9.4
2010-10-22,2.59,2.09,0.1245,0.5,2.24,161.12,2479.3899,1648180000.0,0.1507,18.78,26.7,20.42,81.15,9.4
2010-10-25,2.59,2.14,0.1245,0.45,2.22,350.64,2490.8501,1746320000.0,0.1432,19.85,28.12,21.48,82.0,9.4
2010-10-26,2.67,2.15,0.1245,0.52,2.27,265.05,2497.29,1914350000.0,0.1432,20.22,28.59,21.81,82.6,9.4
2010-10-27,2.75,2.13,0.1245,0.62,2.35,163.49,2503.26,2013240000.0,0.143,20.71,28.67,21.57,81.9,9.4
2010-10-28,2.69,2.12,0.1245,0.57,2.32,195.22,2507.3701,1998340000.0,0.143,20.88,29.36,21.65,82.2,9.4
2010-10-29,2.63,2.13,0.1245,0.5,2.29,239.21,2507.4099,2068700000.0,0.143,21.2,29.21,22.24,81.45,9.4
2010-11-01,2.66,2.17,0.0421,0.49,2.32,204.39,2504.8401,1904790000.0,0.1365,21.83,30.39,22.92,82.94,9.8
2010-11-02,2.63,2.14,0.0421,0.49,2.29,274.36,2533.52,1914980000.0,0.1383,21.57,29.97,22.88,83.91,9.8
2010-11-03,2.67,2.17,0.0421,0.5,2.33,317.26,2540.27,1990410000.0,0.1357,19.56,27.42,20.41,84.45,9.8
2010-11-04,2.53,2.09,0.0421,0.44,2.2,273.42,2577.3401,2492050000.0,0.1386,18.52,25.73,19.54,86.49,9.8
2010-11-05,2.58,2.1,0.0421,0.48,2.2,229.76,2578.98,2092850000.0,0.1256,18.26,24.51,18.67,86.85,9.8
2010-11-08,2.6,2.12,0.0421,0.48,2.19,126.6,2580.05,1799330000.0,0.1238,18.29,25.04,18.7,87.07,9.8
2010-11-09,2.72,2.14,0.0421,0.58,2.26,226.72,2562.98,2157370000.0,0.1267,19.08,25.96,18.99,87.04,9.8
2010-11-10,2.65,2.09,0.0421,0.56,2.21,96.41,2578.78,1998930000.0,0.1267,18.47,25.63,19.46,87.77,9.8
2010-11-12,2.76,2.05,0.0421,0.71,2.25,77.25,2518.21,2191790000.0,0.1393,20.61,28.1,22.55,84.89,9.8
2010-11-15,2.92,2.05,0.0421,0.87,2.39,186.6,2513.8201,1852210000.0,0.1342,20.2,28.24,21.69,84.88,9.8
2010-11-16,2.85,1.98,0.0421,0.87,2.34,123.29,2469.8401,2234090000.0,0.131,22.58,28.86,23.73,82.33,9.8
2010-11-17,2.89,2.05,0.0421,0.84,2.39,204.46,2476.01,1816260000.0,0.1282,21.76,28.27,23.25,80.43,9.8
2010-11-18,2.9,2.07,0.0421,0.83,2.38,124.95,2514.3999,2046660000.0,0.1346,18.75,26.17,20.26,81.88,9.8
2010-11-19,2.88,2.11,0.0421,0.77,2.36,167.29,2518.1201,1839670000.0,0.1334,18.04,25.21,19.78,81.65,9.8
2010-11-22,2.8,2.1,0.0421,0.7,2.31,150.98,2532.02,1850570000.0,0.1338,18.37,25.01,19.73,81.24,9.8
2010-11-23,2.77,2.08,0.0421,0.69,2.32,69.59,2494.95,1892260000.0,0.1413,20.63,26.8,21.77,80.79,9.8
2010-11-24,2.93,2.13,0.0421,0.8,2.4,115.72,2543.1201,1634640000.0,0.1488,19.56,25.82,20.85,83.21,9.8
2011-04-05,3.5,2.56,0.6439,0.94,2.66,76.7,2791.1899,1954520000.0,0.1633,17.25,22.59,19.46,107.82,9.1
2011-04-06,3.56,2.57,0.6439,0.99,2.71,88.4,2799.8201,1996750000.0,0.159,16.9,22.54,19.32,108.38,9.1
2011-04-07,3.58,2.59,0.6439,0.99,2.77,163.18,2796.1399,1806900000.0,0.1586,17.11,22.63,19.34,109.82,9.1
2011-04-08,3.59,2.64,0.6439,0.95,2.76,107.93,2780.4199,1650810000.0,0.153,17.87,23.36,19.76,112.27,9.1
2011-04-11,3.59,2.63,0.6439,0.96,2.74,119.37,2771.51,2053190000.0,0.1533,16.59,23.05,19.09,109.5,9.1
2011-04-12,3.52,2.62,0.6439,0.9,2.75,120.58,2744.79,1818610000.0,0.1484,17.09,23.04,19.39,105.75,9.1
2011-04-13,3.49,2.61,0.6439,0.88,2.74,84.78,2761.52,1744940000.0,0.149,16.92,22.04,18.5,106.6,9.1
2011-04-14,3.51,2.62,0.6439,0.89,2.74,89.71,2760.22,1717650000.0,0.1388,16.27,20.18,17.7,107.73,9.1
2011-04-15,3.43,2.61,0.6439,0.82,2.72,107.61,2764.6499,1785050000.0,0.1382,15.32,20.03,17.48,109.17,9.1
2011-04-18,3.4,2.6,0.6439,0.8,2.71,149.96,2735.3799,1786230000.0,0.1355,16.96,21.11,18.47,106.7,9.1
2011-04-19,3.39,2.63,0.6439,0.76,2.71,129.47,2744.97,1675970000.0,0.1342,15.83,19.98,16.23,107.18,9.1
2011-04-20,3.43,2.61,0.6439,0.82,2.74,105.92,2802.51,2094470000.0,0.1464,15.07,19.4,16.49,110.84,9.1
2011-04-21,3.42,2.59,0.6439,0.83,2.74,77.9,2820.1599,2094470000.0,0.1354,14.69,18.97,15.85,111.72,9.1
2011-08-16,2.23,2.18,0.2758,0.05,2.03,203.84,2523.45,2074370000.0,0.3936,32.85,38.59,31.55,86.65,9.0
2011-08-17,2.17,2.16,0.2758,0.01,1.98,146.26,2511.48,1913320000.0,0.3931,31.58,36.7,31.17,87.58,9.0
2011-08-18,2.08,1.99,0.2758,0.09,1.88,173.87,2380.4299,2775580000.0,0.4145,42.67,47.53,41.61,82.38,9.0
2011-08-19,2.07,2.05,0.2758,0.02,1.87,252.25,2341.8401,2385300000.0,0.4155,43.05,49.37,43.47,82.33,9.0
2011-08-22,2.1,2.07,0.2758,0.03,1.88,232.55,2345.3799,1957230000.0,0.4141,42.44,49.82,42.03,84.42,9.0
2011-08-23,2.15,2.02,0.2758,0.13,1.93,230.6,2446.0601,2147270000.0,0.4368,36.27,43.3,35.45,85.35,9.0
2011-08-24,2.29,2.04,0.2758,0.25,2.06,194.72,2467.6899,1888640000.0,0.4376,35.9,43.32,35.65,84.99,9.0
2011-08-25,2.23,2.1,0.2758,0.13,2.01,123.67,2419.6299,1789230000.0,0.4393,39.76,47.96,39.43,85.15,9.0
2011-08-26,2.19,2.04,0.2758,0.15,1.99,215.31,2479.8501,1852130000.0,0.4455,35.59,43.1,34.49,85.37,9.0
2011-08-29,2.28,2.06,0.2758,0.22,2.08,178.83,2562.1101,1615510000.0,0.4575,32.28,39.38,32.11,87.27,9.0
2011-08-30,2.19,2.05,0.2758,0.14,1.99,146.0,2576.1101,1871800000.0,0.4523,32.89,40.84,32.02,88.9,9.0
2011-08-31,2.23,2.05,0.2758,0.18,2.03,152.92,2579.46,1995490000.0,0.4525,31.62,39.39,31.37,88.81,9.0
2011-09-01,2.15,2.08,0.1518,0.07,1.96,252.61,2546.04,1742440000.0,0.4524,31.82,39.61,31.36,88.93,9.0
2011-09-02,2.02,2.02,0.1518,0.0,1.82,234.96,2480.3301,1571530000.0,0.4555,33.92,42.14,33.0,86.45,9.0
2011-10-18,2.19,1.97,0.1518,0.22,1.91,110.32,2657.4299,1931690000.0,0.3051,31.56,41.43,30.48,88.34,9.0
2011-10-19,2.18,1.95,0.1518,0.23,1.9,104.7,2604.04,1980180000.0,0.3004,34.44,44.65,33.84,86.11,9.0
2011-10-20,2.2,1.98,0.1518,0.22,1.92,153.42,2598.6201,2040180000.0,0.2995,34.78,45.22,34.78,86.07,9.0
2011-10-21,2.23,2.0,0.1518,0.23,1.93,106.79,2637.46,2019950000.0,0.2921,31.32,41.05,31.42,87.19,9.0
2011-10-24,2.25,2.02,0.1518,0.23,1.95,99.31,2699.4399,1884450000.0,0.2974,29.26,39.7,28.45,91.12,9.0
2011-10-25,2.14,2.02,0.1518,0.12,1.88,127.73,2638.4199,1777770000.0,0.304,32.22,42.34,31.54,92.98,9.0
2011-10-26,2.23,2.08,0.1518,0.15,1.95,128.2,2650.6699,2118650000.0,0.3011,29.86,40.5,30.47,90.2,9.0
2011-10-27,2.42,2.18,0.1518,0.24,2.11,73.65,2738.6299,2810680000.0,0.3129,25.46,35.49,26.28,93.96,9.0
2011-10-28,2.34,2.15,0.1518,0.19,2.06,123.53,2737.1499,1838530000.0,0.3127,24.53,34.67,25.0,93.32,9.0
2011-10-31,2.17,2.09,0.1518,0.08,1.92,106.27,2684.4099,1772560000.0,0.3183,29.96,39.26,28.82,93.19,9.0
2011-11-01,2.01,2.05,-0.0844,-0.04,1.78,85.57,2606.96,2294220000.0,0.3291,34.77,45.2,33.49,92.19,8.6
2011-11-02,2.03,2.1,-0.0844,-0.07,1.8,82.6,2639.98,1921790000.0,0.325,32.74,43.04,32.03,92.51,8.6
2011-11-03,2.09,2.09,-0.0844,0.0,1.85,74.38,2697.97,2106240000.0,0.3133,30.5,41.01,29.3,94.07,8.6
2011-11-04,2.06,2.12,-0.0844,-0.06,1.84,101.41,2686.1499,1930750000.0,0.3131,30.16,39.85,29.35,94.26,8.6
2011-11-07,2.04,2.14,-0.0844,-0.1,1.79,65.81,2695.25,1712700000.0,0.3114,29.85,39.81,28.83,95.52,8.6
2011-11-08,2.1,2.13,-0.0844,-0.03,1.85,102.3,2727.49,1850270000.0,0.3114,27.48,37.36,27.31,96.8,8.6
2011-11-09,2.0,2.04,-0.0844,-0.04,1.76,98.42,2621.6499,2144160000.0,0.3271,36.16,45.94,34.61,95.74,8.6
2011-11-10,2.04,2.08,-0.0844,-0.04,1.8,146.92,2625.1499,1892390000.0,0.3266,32.81,43.74,32.67,97.78,8.6
2011-11-14,2.04,2.05,-0.0844,-0.01,1.8,186.38,2657.22,1401710000.0,0.3016,31.13,41.22,30.73,98.14,8.6
2011-11-15,2.06,2.02,-0.0844,0.04,1.8,116.71,2686.2,1706960000.0,0.2931,31.22,40.82,30.04,99.37,8.6
2011-11-16,2.01,1.96,-0.0844,0.05,1.75,161.74,2639.6101,1950030000.0,0.2935,33.51,42.04,31.94,102.59,8.6
2011-11-17,1.96,1.9,-0.0844,0.06,1.69,113.76,2587.99,2197320000.0,0.296,34.51,43.56,34.34,98.82,8.6
2011-11-18,2.01,1.96,-0.0844,0.05,1.72,100.23,2572.5,1755360000.0,0.2946,32.0,40.57,31.83,97.67,8.6
2011-11-21,1.97,1.9,-0.0844,0.07,1.7,175.43,2523.1399,2048520000.0,0.283,32.91,42.07,32.93,96.73,8.6
2011-11-22,1.94,1.89,-0.0844,0.05,1.68,230.78,2521.28,1792060000.0,0.2822,31.97,40.79,31.07,97.76,8.6
2011-11-23,1.89,1.9,-0.0844,-0.01,1.63,176.33,2460.0801,1707770000.0,0.2889,33.98,43.16,33.07,96.16,8.6
2012-04-03,2.3,2.36,0.7595,-0.06,1.94,117.31,3113.5701,1804950000.0,0.1166,15.66,22.21,16.82,104.02,8.2
2012-04-04,2.25,2.3,0.7595,-0.05,1.9,78.88,3068.0901,1813150000.0,0.1246,16.44,23.22,17.95,101.53,8.2
2012-04-05,2.19,2.27,0.7595,-0.08,1.84,58.01,3080.5,1548040000.0,0.1233,16.7,23.11,17.96,103.29,8.2
2012-05-21,1.75,2.16,-0.1173,-0.41,1.45,206.0,2847.21,1870420000.0,0.1849,22.01,28.9,24.3,92.57,8.2
2012-05-22,1.79,2.17,-0.1173,-0.38,1.49,129.21,2839.0801,1861850000.0,0.1784,22.48,29.03,24.52,91.44,8.2
2012-05-23,1.73,2.14,-0.1173,-0.41,1.45,93.86,2850.1201,1929640000.0,0.1766,22.33,28.61,24.09,89.4,8.2
2012-05-24,1.77,2.14,-0.1173,-0.37,1.48,99.17,2839.3799,1750290000.0,0.171,21.54,28.17,24.2,90.36,8.2
2012-05-25,1.75,2.13,-0.1173,-0.38,1.45,106.54,2837.53,1282680000.0,0.1672,21.76,28.26,23.99,90.64,8.2
2012-08-16,1.83,2.25,0.5565,-0.42,1.54,148.34,3062.3899,1937430000.0,0.1508,14.29,19.26,14.81,95.66,8.1
2012-08-17,1.81,2.24,0.5565,-0.43,1.52,114.42,3076.5901,1640640000.0,0.1451,13.45,17.98,13.79,96.0,8.1
2012-08-20,1.82,2.25,0.5565,-0.43,1.53,110.74,3076.21,1451550000.0,0.1448,14.02,18.24,14.62,96.03,8.1
2012-08-21,1.8,2.25,0.5565,-0.45,1.49,110.31,3067.26,1574220000.0,0.1412,15.02,18.7,15.36,96.55,8.1
2012-08-22,1.71,2.26,0.5565,-0.55,1.45,104.4,3073.6699,1459130000.0,0.1398,15.11,18.98,15.58,96.89,8.1
2012-08-23,1.68,2.3,0.5565,-0.62,1.42,132.5,3053.3999,1383860000.0,0.1392,15.96,19.84,16.68,95.87,8.1
2012-08-24,1.68,2.28,0.5565,-0.6,1.4,203.4,3069.79,1349740000.0,0.1345,15.18,20.14,16.6,95.78,8.1
2012-08-27,1.65,2.29,0.5565,-0.64,1.37,118.65,3073.1899,1383530000.0,0.1334,16.35,20.52,17.19,95.54,8.1
2012-08-28,1.64,2.32,0.5565,-0.68,1.37,102.07,3077.1399,1364740000.0,0.1332,16.49,20.6,17.64,96.3,8.1
2012-08-29,1.66,2.3,0.5565,-0.64,1.39,110.02,3081.1899,1282900000.0,0.1302,17.06,20.99,18.11,95.5,8.1
2012-08-30,1.63,2.26,0.5565,-0.63,1.36,149.59,3048.71,1216640000.0,0.1334,17.83,22.52,19.03,94.61,8.1
2012-08-31,1.57,2.25,0.5565,-0.68,1.35,259.97,3066.96,1394760000.0,0.1266,17.47,21.56,18.35,96.47,8.1
2012-10-16,1.75,2.46,-0.0389,-0.71,1.48,199.82,3101.1699,1736930000.0,0.1295,15.22,18.93,17.17,92.07,7.8
2012-10-17,1.83,2.48,-0.0389,-0.65,1.53,196.86,3104.1201,1770920000.0,0.1294,15.07,18.05,16.89,92.04,7.8
2012-10-18,1.86,2.52,-0.0389,-0.66,1.57,205.58,3072.8701,2043290000.0,0.1164,15.03,18.74,17.61,92.0,7.8
2012-10-19,1.79,2.5,-0.0389,-0.71,1.49,170.07,3005.6201,2225580000.0,0.1319,17.06,20.67,20.05,90.0,7.8
2012-10-22,1.83,2.53,-0.0389,-0.7,1.51,155.59,3016.96,1654130000.0,0.1299,16.62,20.25,19.2,88.3,7.8
2012-10-23,1.79,2.5,-0.0389,-0.71,1.5,113.57,2990.46,1830840000.0,0.1318,18.83,21.83,20.66,86.65,7.8
2012-10-24,1.8,2.49,-0.0389,-0.69,1.51,118.63,2981.7,1967000000.0,0.1312,18.33,21.93,21.67,85.39,7.8
2012-10-25,1.86,2.49,-0.0389,-0.63,1.55,128.87,2986.1201,1922660000.0,0.124,18.12,21.61,20.28,85.59,7.8
2012-10-26,1.78,2.47,-0.0389,-0.69,1.48,210.63,2987.95,1839700000.0,0.1201,17.81,21.12,19.58,85.84,7.8
2013-05-13,1.92,2.33,0.178,-0.41,1.68,51.8,3438.79,1615510000.0,0.1544,12.55,17.89,14.59,94.76,7.5
2013-05-14,1.96,2.33,0.178,-0.37,1.7,166.99,3462.6101,1820520000.0,0.1548,12.77,17.71,14.78,93.96,7.5
2013-05-15,1.94,2.3,0.178,-0.36,1.68,60.66,3471.6201,1843910000.0,0.1496,12.81,18.09,13.88,93.95,7.5
2013-05-16,1.87,2.27,0.178,-0.4,1.64,75.24,3465.24,1945760000.0,0.1501,13.07,17.8,13.72,94.85,7.5
2013-05-17,1.95,2.26,0.178,-0.31,1.69,27.77,3498.97,1828610000.0,0.1491,12.45,15.94,13.3,95.72,7.5
2013-05-20,1.97,2.28,0.178,-0.31,1.71,76.24,3496.4299,1745260000.0,0.1492,13.02,16.87,13.53,96.29,7.5
2013-05-21,1.94,2.28,0.178,-0.34,1.68,54.39,3502.1201,1776780000.0,0.1491,13.37,17.56,14.41,95.55,7.5
2013-05-22,2.03,2.27,0.178,-0.24,1.77,78.07,3463.3,2179330000.0,0.1467,13.82,18.86,14.73,93.98,7.5
2013-05-23,2.02,2.26,0.178,-0.24,1.76,68.76,3459.4199,1820670000.0,0.1469,14.07,18.65,14.89,94.12,7.5
2013-05-24,2.01,2.27,0.178,-0.26,1.75,75.95,3459.1399,1449210000.0,0.1467,13.99,18.62,14.48,93.84,7.5
2013-08-16,2.84,2.16,0.1203,0.68,2.48,76.5,3602.78,1520430000.0,0.1002,14.37,18.37,14.73,107.58,7.2
2013-08-19,2.88,2.13,0.1203,0.75,2.52,136.62,3589.0901,1381050000.0,0.1012,15.1,19.37,15.53,107.14,7.2
2013-08-20,2.82,2.15,0.1203,0.67,2.46,111.56,3613.5901,1308280000.0,0.1017,14.91,18.71,15.15,104.9,7.2
2013-08-21,2.87,2.14,0.1203,0.73,2.49,96.17,3599.79,1438510000.0,0.1021,15.94,19.87,15.99,103.93,7.2
2013-08-22,2.9,2.11,0.1203,0.79,2.48,89.29,3638.71,927400000.0,0.0959,14.76,18.78,15.44,104.93,7.2
2013-08-23,2.82,2.13,0.1203,0.69,2.42,45.99,3657.79,1499890000.0,0.0955,13.98,17.91,14.62,106.48,7.2
2013-08-26,2.79,2.15,0.1203,0.64,2.38,124.03,3657.5701,1404230000.0,0.0954,14.99,19.02,15.32,105.88,7.2
2013-08-27,2.72,2.15,0.1203,0.57,2.34,86.16,3578.52,1640040000.0,0.1151,16.77,21.58,17.63,109.11,7.2
2013-08-28,2.78,2.15,0.1203,0.63,2.38,64.04,3593.3501,1370650000.0,0.1154,16.49,21.24,17.42,110.17,7.2
2013-08-29,2.75,2.1,0.1203,0.65,2.36,87.64,3620.3,1344900000.0,0.1175,16.81,21.01,17.4,108.51,7.2
2013-08-30,2.78,2.1,0.1203,0.68,2.39,91.16,3589.8701,1328320000.0,0.1185,17.01,22.15,17.53,107.98,7.2
2013-10-15,2.75,2.21,-0.2575,0.54,2.38,311.33,3794.01,1745560000.0,0.1313,18.66,22.22,18.77,101.15,7.2
2013-10-16,2.69,2.19,-0.2575,0.5,2.35,302.38,3839.4299,1744000000.0,0.1324,14.71,18.82,16.4,102.34,7.2
2013-10-17,2.61,2.16,-0.2575,0.45,2.28,323.65,3863.1499,1975140000.0,0.133,13.48,16.52,14.49,100.72,7.2
2013-10-18,2.6,2.18,-0.2575,0.42,2.27,199.23,3914.28,1943090000.0,0.1369,13.04,15.39,13.69,100.87,7.2
2013-10-21,2.63,2.19,-0.2575,0.44,2.3,10.92,3920.05,1674470000.0,0.1334,13.16,15.95,14.4,99.28,7.2
2013-10-22,2.54,2.17,-0.2575,0.37,2.23,101.82,3929.5701,1890500000.0,0.1328,13.33,16.14,14.96,97.63,7.2
2013-10-23,2.51,2.15,-0.2575,0.36,2.2,172.74,3907.0701,1915030000.0,0.1344,13.42,16.4,15.33,96.9,7.2
2013-10-24,2.53,2.17,-0.2575,0.36,2.2,85.92,3928.96,2054350000.0,0.1343,13.2,15.69,14.5,96.65,7.2
2013-10-25,2.53,2.19,-0.2575,0.34,2.21,125.94,3943.3601,2225780000.0,0.1344,13.09,15.96,14.91,97.4,7.2
2013-10-28,2.54,2.19,-0.2575,0.35,2.22,87.68,3940.1299,1904810000.0,0.1343,13.31,16.12,14.97,98.74,7.2
2013-10-29,2.53,2.18,-0.2575,0.35,2.22,168.7,3952.3401,1897380000.0,0.1333,13.41,16.51,14.83,98.29,7.2
2013-10-30,2.55,2.18,-0.2575,0.37,2.22,178.66,3930.6201,1923000000.0,0.1326,13.65,17.04,14.72,96.81,7.2
2013-10-31,2.57,2.17,-0.2575,0.4,2.26,67.75,3919.71,2139650000.0,0.1331,13.75,17.25,14.88,96.29,7.2
2013-11-01,2.65,2.15,-0.2042,0.5,2.32,45.43,3922.04,1949460000.0,0.1323,13.28,17.37,14.76,94.56,6.9
2013-11-04,2.63,2.13,-0.2042,0.5,2.31,146.15,3936.5901,1817880000.0,0.1319,12.93,16.86,14.37,94.58,6.9
2013-11-05,2.69,2.14,-0.2042,0.55,2.37,63.38,3939.8601,1934630000.0,0.1319,13.27,17.08,14.4,93.4,6.9
2013-11-06,2.67,2.19,-0.2042,0.48,2.37,57.22,3931.95,2020160000.0,0.132,12.67,17.28,14.76,94.74,6.9
2013-11-07,2.63,2.17,-0.2042,0.46,2.34,46.97,3857.3301,2303320000.0,0.1437,13.91,18.33,15.67,94.25,6.9
2013-11-08,2.77,2.18,-0.2042,0.59,2.45,84.94,3919.23,1981740000.0,0.1502,12.9,17.41,14.67,94.56,6.9
2013-11-12,2.8,2.18,-0.2042,0.62,2.46,7.71,3919.9199,1776860000.0,0.1462,12.82,17.24,14.14,93.12,6.9
2013-11-13,2.75,2.17,-0.2042,0.58,2.43,55.9,3965.5801,1827220000.0,0.1493,12.52,16.96,13.66,93.91,6.9
2013-11-14,2.69,2.18,-0.2042,0.51,2.4,48.95,3972.74,1965350000.0,0.1449,12.37,16.56,13.26,93.76,6.9
2013-11-15,2.71,2.18,-0.2042,0.53,2.4,68.24,3985.97,1899150000.0,0.1434,12.19,15.85,13.13,93.8,6.9
2013-11-18,2.67,2.19,-0.2042,0.48,2.36,98.11,3949.0701,1829870000.0,0.1431,13.1,17.36,14.37,93.03,6.9
2013-11-19,2.71,2.18,-0.2042,0.53,2.42,83.02,3931.55,1747840000.0,0.1288,13.39,17.53,14.52,93.35,6.9
2013-11-20,2.8,2.16,-0.2042,0.64,2.52,94.99,3921.27,1721160000.0,0.128,13.4,17.22,14.44,93.34,6.9
2013-11-21,2.79,2.19,-0.2042,0.6,2.5,92.72,3969.1599,1684250000.0,0.117,12.66,16.57,14.01,95.35,6.9
2013-11-22,2.75,2.19,-0.2042,0.56,2.44,67.16,3991.6499,1730280000.0,0.116,12.26,16.06,13.65,94.53,6.9
2013-11-25,2.74,2.18,-0.2042,0.56,2.44,138.46,3994.5701,1795760000.0,0.1152,12.79,16.52,13.74,93.86,6.9
2013-11-26,2.71,2.17,-0.2042,0.54,2.42,36.52,4017.75,1907680000.0,0.1138,12.81,16.3,13.6,93.41,6.9
2013-11-27,2.74,2.16,-0.2042,0.58,2.46,41.47,4044.75,1477020000.0,0.1108,12.98,16.12,13.36,92.05,6.9
2014-04-01,2.77,2.14,0.3297,0.63,2.33,78.62,4268.04,2153130000.0,0.1311,13.1,18.5,16.74,99.69,6.2
2014-04-02,2.82,2.14,0.3297,0.68,2.35,48.76,4276.46,2187100000.0,0.1289,13.09,18.13,16.37,99.6,6.2
2014-04-03,2.8,2.14,0.3297,0.66,2.34,55.73,4237.7402,2067370000.0,0.1301,13.37,19.08,16.96,100.29,6.2
2014-04-04,2.74,2.13,0.3297,0.61,2.31,56.51,4127.73,2621270000.0,0.1504,13.96,20.61,18.79,101.16,6.2
2014-04-07,2.71,2.12,0.3297,0.59,2.3,83.61,4079.75,2554680000.0,0.1515,15.57,21.93,20.05,100.43,6.2
2014-04-08,2.69,2.11,0.3297,0.58,2.29,154.81,4112.9902,2198900000.0,0.1541,14.89,21.0,19.11,102.57,6.2
2014-04-09,2.71,2.14,0.3297,0.57,2.34,48.04,4183.8999,1957560000.0,0.1631,13.82,20.15,17.72,103.55,6.2
2014-04-10,2.65,2.14,0.3297,0.51,2.28,37.87,4054.1101,2421210000.0,0.1842,15.89,22.47,20.59,103.37,6.2
2014-04-11,2.63,2.13,0.3297,0.5,2.26,24.93,3999.73,2264480000.0,0.1871,17.03,23.62,22.65,103.68,6.2
2014-04-14,2.65,2.13,0.3297,0.52,2.28,160.58,4022.6899,1890480000.0,0.188,16.11,23.47,21.7,104.05,6.2
2014-04-15,2.64,2.14,0.3297,0.5,2.25,46.8,4034.1599,2413110000.0,0.1796,15.61,23.32,21.91,103.7,6.2
2014-04-16,2.65,2.17,0.3297,0.48,2.26,44.05,4086.23,1863110000.0,0.1847,14.18,21.35,20.41,103.71,6.2
2014-04-17,2.73,2.21,0.3297,0.52,2.3,25.15,4095.52,1954720000.0,0.1852,13.36,19.97,19.39,104.33,6.2
2014-08-18,2.39,2.18,-0.1671,0.21,1.95,34.34,4508.3101,1571100000.0,0.1258,12.32,16.55,12.85,96.44,6.1
2014-08-19,2.4,2.17,-0.1671,0.23,1.94,40.12,4527.5098,1556560000.0,0.119,12.21,16.42,12.66,94.35,6.1
2014-08-20,2.43,2.17,-0.1671,0.26,1.94,23.74,4526.48,1502290000.0,0.118,11.78,16.69,12.66,96.4,6.1
2014-08-21,2.41,2.17,-0.1671,0.24,1.92,24.43,4532.1001,1421730000.0,0.1166,11.76,16.18,12.5,93.97,6.1
2014-08-22,2.4,2.14,-0.1671,0.26,1.87,65.61,4538.5498,1311810000.0,0.1162,11.47,16.13,12.23,93.61,6.1
2014-08-25,2.39,2.15,-0.1671,0.24,1.86,54.94,4557.3501,1384620000.0,0.1158,11.7,16.43,12.45,95.39,6.1
2014-08-26,2.39,2.14,-0.1671,0.25,1.87,32.55,4570.6401,1469620000.0,0.1143,11.63,15.94,12.34,95.78,6.1
2014-08-27,2.37,2.14,-0.1671,0.23,1.86,40.32,4569.6201,1389470000.0,0.1144,11.78,16.04,12.34,95.82,6.1
2014-08-28,2.34,2.13,-0.1671,0.21,1.84,44.61,4557.7002,1309580000.0,0.1055,12.05,16.49,12.65,96.44,6.1
2014-08-29,2.35,2.12,-0.1671,0.23,1.87,30.07,4580.27,1352830000.0,0.0972,11.98,16.43,12.71,97.86,6.1
2014-10-14,2.21,1.92,-0.2512,0.29,1.82,62.32,4227.1699,2496120000.0,0.1656,22.79,24.54,25.0,81.72,5.7
2014-10-15,2.15,1.86,-0.2512,0.29,1.81,68.64,4215.3198,3058740000.0,0.1654,26.25,25.49,27.05,81.82,5.7
2014-10-16,2.17,1.89,-0.2512,0.28,1.82,86.24,4217.3901,2591940000.0,0.1657,25.2,26.22,26.73,82.33,5.7
2014-10-17,2.22,1.92,-0.2512,0.3,1.83,49.35,4258.4399,2260070000.0,0.1683,21.99,25.48,23.13,82.8,5.7
2014-10-20,2.2,1.91,-0.2512,0.29,1.83,45.57,4316.0698,1717370000.0,0.174,18.57,22.96,20.32,82.76,5.7
2014-10-21,2.23,1.9,-0.2512,0.33,1.85,61.02,4419.48,1997580000.0,0.188,16.08,20.87,18.22,83.25,5.7
2014-10-22,2.25,1.91,-0.2512,0.34,1.84,69.25,4382.8501,1967020000.0,0.1874,17.87,22.6,19.96,80.52,5.7
2014-10-23,2.29,1.91,-0.2512,0.38,1.88,45.24,4452.79,1952380000.0,0.194,16.53,20.94,18.78,82.81,5.7
2014-10-24,2.29,1.9,-0.2512,0.39,1.88,43.41,4483.7202,1754300000.0,0.1948,16.11,20.85,17.93,81.27,5.7
2014-10-27,2.27,1.89,-0.2512,0.38,1.86,68.48,4485.9302,1585580000.0,0.1925,16.04,20.86,17.94,81.26,5.7
2014-10-28,2.3,1.91,-0.2512,0.39,1.88,72.16,4564.29,1966920000.0,0.198,14.39,19.66,16.6,81.36,5.7
2014-10-29,2.34,1.92,-0.2512,0.42,1.86,57.53,4549.23,2184050000.0,0.1981,15.15,19.91,16.78,82.25,5.7
2014-10-30,2.32,1.9,-0.2512,0.42,1.84,37.38,4566.1401,2034960000.0,0.1974,14.52,19.63,16.61,81.06,5.7
2014-10-31,2.35,1.92,-0.2512,0.43,1.85,103.08,4630.7402,2424360000.0,0.2014,14.03,19.33,15.81,80.53,5.7
2014-11-03,2.36,1.93,-0.2512,0.43,1.84,64.42,4638.9102,2033000000.0,0.1983,14.73,20.32,16.42,78.77,5.7
2014-11-04,2.35,1.92,-0.2512,0.43,1.83,58.5,4623.6401,1939320000.0,0.1981,14.89,20.39,16.58,77.15,5.7
2014-11-05,2.36,1.93,-0.2512,0.43,1.84,72.12,4620.7202,2001870000.0,0.1961,14.17,20.0,16.34,78.71,5.7
2014-11-06,2.39,1.94,-0.2512,0.45,1.85,56.66,4638.4702,1986820000.0,0.1868,13.67,19.36,15.68,77.87,5.7
2014-11-07,2.32,1.94,-0.2512,0.38,1.81,26.93,4632.5298,1978830000.0,0.185,13.12,18.15,14.71,78.71,5.7
2014-11-10,2.38,1.94,-0.2512,0.44,1.83,45.75,4651.6201,1830010000.0,0.1851,12.67,17.74,14.3,77.43,5.7
2014-11-12,2.37,1.91,-0.2512,0.46,1.82,49.99,4675.1401,1773060000.0,0.1775,13.02,17.67,14.33,77.16,5.7
2014-11-13,2.35,1.88,-0.2512,0.47,1.82,40.12,4680.1401,1857580000.0,0.1775,13.79,18.86,14.55,74.13,5.7
2014-11-14,2.32,1.89,-0.2512,0.43,1.78,29.81,4688.54,1739950000.0,0.1757,13.31,18.65,15.16,75.91,5.7
2014-11-17,2.34,1.86,-0.2512,0.48,1.8,151.19,4671.0,1695070000.0,0.1754,13.99,19.05,15.53,75.64,5.7
2014-11-18,2.32,1.84,-0.2512,0.48,1.79,56.8,4702.4399,1655760000.0,0.1681,13.86,19.01,15.38,74.55,5.7
2014-11-19,2.36,1.83,-0.2512,0.53,1.82,48.87,4675.71,1641560000.0,0.1621,13.96,19.65,15.71,74.55,5.7
2014-11-20,2.34,1.85,-0.2512,0.49,1.81,51.4,4701.8701,1667330000.0,0.1485,13.58,18.24,14.87,75.63,5.7
2014-11-21,2.31,1.86,-0.2512,0.45,1.78,58.61,4712.9702,1854340000.0,0.1264,12.9,18.46,14.71,76.52,5.7
2014-11-24,2.3,1.86,-0.2512,0.44,1.77,78.87,4754.8901,1568130000.0,0.1153,12.62,17.59,14.25,75.74,5.7
2014-11-25,2.27,1.85,-0.2512,0.42,1.76,60.87,4758.25,1720140000.0,0.1156,12.25,17.68,14.12,74.04,5.7
2014-11-26,2.24,1.82,-0.2512,0.42,1.71,27.16,4787.3198,1362930000.0,0.114,12.07,17.47,13.64,73.7,5.7
2015-03-31,1.94,1.76,-0.4706,0.18,1.38,88.25,4900.8799,1837660000.0,0.1278,15.29,17.98,17.29,47.72,5.7
2015-04-01,1.87,1.8,0.2033,0.07,1.32,85.27,4880.23,1874960000.0,0.1283,15.11,17.53,17.35,50.12,5.4
2015-04-02,1.92,1.81,0.2033,0.11,1.37,27.58,4886.9399,1563670000.0,0.1278,14.67,17.2,16.72,49.13,5.4
2015-05-18,2.23,1.86,0.5097,0.37,1.65,65.23,5078.4399,1643870000.0,0.1255,12.73,15.55,13.95,59.44,5.6
2015-05-19,2.27,1.85,0.5097,0.42,1.64,45.51,5070.0298,1750980000.0,0.1255,12.85,15.62,14.15,57.3,5.6
2015-05-20,2.26,1.88,0.5097,0.38,1.66,56.09,5071.7402,1786830000.0,0.1237,12.88,15.3,14.0,58.96,5.6
2015-05-21,2.19,1.84,0.5097,0.35,1.59,58.45,5090.79,1683670000.0,0.1234,12.11,15.3,13.38,60.18,5.6
2015-05-22,2.21,1.87,0.5097,0.34,1.57,65.97,5089.3599,1544920000.0,0.123,12.13,15.25,13.23,58.88,5.6
2015-08-17,2.16,1.58,0.0067,0.58,1.44,26.3,5091.7002,1510790000.0,0.1376,13.02,17.43,15.55,41.93,5.2
2015-08-18,2.2,1.58,0.0067,0.62,1.46,60.75,5059.3501,1501540000.0,0.1391,13.79,18.12,16.0,42.58,5.2
2015-08-19,2.12,1.57,0.0067,0.55,1.45,83.7,5019.0498,1785420000.0,0.1307,15.25,19.25,17.36,40.75,5.2
2015-08-20,2.09,1.56,0.0067,0.53,1.4,35.99,4877.4902,2087000000.0,0.1557,19.14,22.81,21.61,41.0,5.2
2015-08-21,2.05,1.53,0.0067,0.52,1.41,80.21,4706.04,2768540000.0,0.1799,28.03,29.5,30.2,40.45,5.2
2015-08-24,2.01,1.49,0.0067,0.52,1.42,152.98,4526.25,3508840000.0,0.2024,40.74,39.63,42.95,38.22,5.2
2015-08-25,2.12,1.53,0.0067,0.59,1.45,177.02,4506.4902,2612800000.0,0.2,36.02,35.52,38.32,39.15,5.2
2015-08-26,2.18,1.53,0.0067,0.65,1.51,87.48,4697.54,2631660000.0,0.2399,30.32,29.53,31.37,38.5,5.2
2015-08-27,2.18,1.58,0.0067,0.6,1.5,61.26,4812.71,2368880000.0,0.2486,26.1,27.07,28.46,42.47,5.2
2015-08-28,2.19,1.61,0.0067,0.58,1.47,93.15,4828.3198,1936540000.0,0.2468,26.05,26.74,28.75,45.29,5.2
2015-08-31,2.21,1.63,0.0067,0.58,1.47,113.96,4776.5098,1839010000.0,0.2476,28.43,27.71,29.92,49.2,5.2
2015-09-01,2.17,1.57,-0.1557,0.6,1.47,92.72,4636.1001,2253750000.0,0.2595,31.4,30.75,32.95,45.38,5.0
2015-09-02,2.2,1.56,-0.1557,0.64,1.48,93.82,4749.98,1929080000.0,0.2718,26.09,26.69,28.41,46.3,5.0
2015-09-03,2.18,1.54,-0.1557,0.64,1.47,57.57,4733.5,1803320000.0,0.2717,25.61,26.6,28.1,46.75,5.0
2015-09-04,2.13,1.51,-0.1557,0.62,1.42,144.81,4683.9199,1574720000.0,0.2715,27.8,27.37,28.92,46.02,5.0
2015-10-20,2.08,1.48,-0.045,0.6,1.42,27.87,4880.9702,1711700000.0,0.1769,15.75,18.38,17.95,45.84,5.0
2015-10-21,2.04,1.45,-0.045,0.59,1.4,83.48,4840.1201,1895390000.0,0.1752,16.7,20.1,18.98,45.22,5.0
2015-10-22,2.04,1.47,-0.045,0.57,1.43,52.71,4920.0498,2156040000.0,0.1798,14.45,18.32,15.63,44.9,5.0
2015-10-23,2.09,1.51,-0.045,0.58,1.43,51.59,5031.8599,2178270000.0,0.1901,14.46,17.96,16.6,43.91,5.0
2015-10-26,2.07,1.48,-0.045,0.59,1.41,75.05,5034.7002,1758690000.0,0.1895,15.29,19.01,17.75,43.19,5.0
2015-10-27,2.05,1.48,-0.045,0.57,1.4,74.57,5030.1499,1986840000.0,0.1874,15.43,19.79,17.92,43.21,5.0
2015-10-28,2.1,1.47,-0.045,0.63,1.37,112.28,5095.6899,2141130000.0,0.19,14.33,18.25,16.94,45.93,5.0
2015-10-29,2.19,1.52,-0.045,0.67,1.44,77.35,5074.27,1928310000.0,0.1907,14.61,19.14,17.17,46.02,5.0
2015-10-30,2.16,1.53,-0.045,0.63,1.41,38.41,5053.75,2016390000.0,0.1861,15.07,19.31,17.3,46.6,5.0
2015-11-02,2.2,1.55,-0.045,0.65,1.43,32.86,5127.1499,1888180000.0,0.1898,14.15,19.04,16.56,46.12,5.0
2015-11-03,2.23,1.58,-0.045,0.65,1.43,72.75,5145.1299,2028630000.0,0.1828,14.54,19.11,16.77,47.88,5.0
2015-11-04,2.25,1.57,-0.045,0.68,1.41,45.24,5142.48,2096110000.0,0.1827,15.51,19.57,17.22,46.32,5.0
2015-11-05,2.26,1.55,-0.045,0.71,1.41,33.09,5127.7402,2054490000.0,0.1824,15.05,19.41,17.2,45.27,5.0
2015-11-06,2.34,1.59,-0.045,0.75,1.44,78.78,5147.1201,2066430000.0,0.1783,14.33,18.18,16.36,44.32,5.0
2015-11-09,2.36,1.6,-0.045,0.76,1.47,60.61,5095.2998,1850770000.0,0.1522,16.52,20.25,18.03,43.87,5.0
2015-11-10,2.32,1.55,-0.045,0.77,1.45,44.19,5083.2402,1906120000.0,0.1505,15.29,19.18,17.32,44.23,5.0
2015-11-12,2.32,1.54,-0.045,0.78,1.43,20.53,5005.0801,1820930000.0,0.148,18.37,21.25,18.92,41.74,5.0
2015-11-13,2.28,1.52,-0.045,0.76,1.42,33.65,4927.8799,2001050000.0,0.1503,20.08,23.15,21.24,40.69,5.0
2015-11-16,2.27,1.51,-0.045,0.76,1.39,91.65,4984.6201,1819190000.0,0.1474,18.16,21.12,18.79,41.68,5.0
2015-11-17,2.25,1.53,-0.045,0.72,1.39,63.48,4986.02,1861710000.0,0.1454,18.84,21.19,19.34,40.73,5.0
2015-11-18,2.27,1.56,-0.045,0.71,1.37,68.43,5075.2002,2017390000.0,0.1513,16.85,19.31,17.76,40.75,5.0
2015-11-19,2.24,1.56,-0.045,0.68,1.33,43.31,5073.6401,1794110000.0,0.1513,16.99,19.28,17.94,40.55,5.0
2015-11-20,2.26,1.6,-0.045,0.66,1.33,48.78,5104.9199,1766630000.0,0.1517,15.47,18.39,17.03,39.39,5.0
2015-11-23,2.25,1.61,-0.045,0.64,1.31,13.92,5102.48,1668280000.0,0.1518,15.62,18.07,17.31,39.27,5.0
2015-11-24,2.24,1.62,-0.045,0.62,1.31,28.8,5102.8101,1956920000.0,0.1487,15.93,17.53,17.48,40.89,5.0
2015-11-25,2.23,1.61,-0.045,0.62,1.3,20.42,5116.1401,1539300000.0,0.1479,15.19,16.79,16.98,41.22,5.0
2016-05-09,1.77,1.59,0.4741,0.18,1.05,59.73,4750.21,1625100000.0,0.1284,14.57,19.03,17.38,43.45,5.1
2016-05-10,1.77,1.62,0.4741,0.15,1.05,62.97,4809.8799,1760120000.0,0.1242,13.63,18.11,16.27,44.68,5.1
2016-05-11,1.73,1.59,0.4741,0.14,0.99,54.4,4760.6899,1859110000.0,0.1266,14.69,18.82,17.16,46.21,5.1
2016-05-12,1.75,1.6,0.4741,0.15,0.99,50.82,4737.3301,1930450000.0,0.1271,14.41,18.99,17.26,46.64,5.1
2016-05-13,1.71,1.58,0.4741,0.13,0.95,59.77,4717.6802,1698030000.0,0.1238,15.04,19.07,17.1,46.22,5.1
2016-05-16,1.75,1.6,0.4741,0.15,0.96,82.79,4775.46,1741510000.0,0.1294,14.68,18.29,16.37,47.72,5.1
2016-05-17,1.76,1.61,0.4741,0.15,0.94,51.62,4715.73,1925230000.0,0.1313,15.57,19.83,17.6,48.29,5.1
2016-05-18,1.87,1.61,0.4741,0.26,0.97,32.08,4739.1201,1934100000.0,0.1228,15.95,19.78,17.41,48.12,5.1
2016-05-19,1.85,1.56,0.4741,0.29,0.96,58.53,4712.5298,1805890000.0,0.1168,16.33,20.1,17.88,48.16,5.1
2016-05-20,1.85,1.56,0.4741,0.29,0.96,25.94,4769.5601,1970520000.0,0.1226,15.2,18.4,16.4,47.67,5.1
2016-05-23,1.84,1.54,0.4741,0.3,0.93,141.68,4765.7798,1865110000.0,0.1223,15.82,19.13,16.85,48.12,5.1
2016-05-24,1.86,1.55,0.4741,0.31,0.94,66.06,4861.0601,1942280000.0,0.1337,14.42,17.87,15.32,48.04,5.1
2016-05-25,1.87,1.58,0.4741,0.29,0.95,51.51,4894.8901,1784420000.0,0.1273,13.9,17.73,15.01,49.1,5.1
2016-05-26,1.83,1.58,0.4741,0.25,0.96,23.07,4901.77,1606250000.0,0.1274,13.43,17.35,14.71,49.0,5.1
2016-05-27,1.85,1.58,0.4741,0.27,0.95,19.22,4933.5,1505020000.0,0.1288,13.12,16.65,14.55,49.36,5.1
2016-08-16,1.57,1.44,0.0918,0.13,0.81,105.49,5227.1099,1698390000.0,0.0855,12.64,16.45,14.92,46.57,4.9
2016-08-17,1.56,1.47,0.0918,0.09,0.82,83.6,5228.6602,1747890000.0,0.0846,12.19,16.47,14.76,46.81,4.9
2016-08-18,1.53,1.47,0.0918,0.06,0.82,59.73,5240.1499,1659080000.0,0.0845,11.43,15.88,14.15,48.2,4.9
2016-08-19,1.58,1.48,0.0918,0.1,0.82,56.17,5238.3799,1632740000.0,0.0738,11.34,15.53,13.42,48.48,4.9
2016-08-22,1.55,1.47,0.0918,0.08,0.79,39.89,5244.6001,1560210000.0,0.0726,12.27,16.41,14.0,46.8,4.9
2016-08-23,1.55,1.48,0.0918,0.07,0.81,40.46,5260.0801,1547050000.0,0.071,12.38,16.2,14.21,47.54,4.9
2016-08-24,1.56,1.48,0.0918,0.08,0.8,43.23,5217.6899,1714780000.0,0.075,13.45,17.47,15.26,46.29,4.9
2016-08-25,1.58,1.49,0.0918,0.09,0.8,83.01,5212.2002,1511890000.0,0.0742,13.63,17.5,15.36,46.97,4.9
2016-08-26,1.62,1.47,0.0918,0.15,0.78,117.24,5218.9199,1591060000.0,0.074,13.65,17.65,15.16,47.64,4.9
2016-08-29,1.57,1.46,0.0918,0.11,0.76,87.44,5232.3301,1416640000.0,0.0732,12.94,17.38,15.0,46.97,4.9
2016-08-30,1.57,1.46,0.0918,0.11,0.77,46.48,5222.9902,1561020000.0,0.0722,13.12,17.46,15.11,46.32,4.9
2016-08-31,1.58,1.47,0.0918,0.11,0.78,45.98,5213.2202,1761770000.0,0.067,13.42,18.03,15.34,44.68,4.9
2016-09-01,1.57,1.45,0.2404,0.12,0.79,38.52,5227.21,1592520000.0,0.0661,13.48,18.02,15.39,43.17,5.0
2016-09-02,1.6,1.47,0.2404,0.13,0.8,40.85,5249.8999,1474200000.0,0.0657,11.98,16.47,14.32,44.39,5.0
2016-10-18,1.75,1.66,0.2404,0.09,0.93,45.55,5243.8398,1474430000.0,0.1409,15.28,19.85,16.97,50.3,5.0
2016-10-19,1.76,1.68,0.2404,0.08,0.95,61.32,5246.4102,1546960000.0,0.1409,14.41,19.27,16.41,51.59,5.0
2016-10-20,1.76,1.68,0.2404,0.08,0.92,48.77,5241.8301,1741820000.0,0.1403,13.75,18.51,15.63,50.31,5.0
2016-10-21,1.74,1.67,0.2404,0.07,0.9,34.08,5257.3999,1649470000.0,0.1176,13.34,17.93,15.37,50.61,5.0
2016-10-24,1.77,1.66,0.2404,0.11,0.93,58.65,5309.8301,1531970000.0,0.1112,13.02,17.94,14.93,50.18,5.0
2016-10-25,1.77,1.7,0.2404,0.07,0.91,114.51,5283.3999,1579490000.0,0.1071,13.46,18.67,15.88,49.45,5.0
2016-10-26,1.79,1.71,0.2404,0.08,0.93,40.45,5250.27,1725900000.0,0.1087,14.24,19.63,16.51,48.75,5.0
2016-10-27,1.85,1.72,0.2404,0.13,0.98,85.31,5215.9702,1918690000.0,0.1019,15.36,20.82,17.33,49.71,5.0
2016-10-28,1.86,1.73,0.2404,0.13,1.0,74.06,5190.1001,1895970000.0,0.1028,16.19,21.44,18.23,48.72,5.0
2016-10-31,1.84,1.73,0.2404,0.11,0.98,95.82,5189.1401,1707260000.0,0.1027,17.06,21.66,19.32,46.83,5.0
2016-11-01,1.83,1.72,-0.1555,0.11,1.0,44.68,5153.5801,1878650000.0,0.1044,18.56,23.2,20.66,46.66,4.7
2016-11-02,1.81,1.7,-0.1555,0.11,1.0,60.79,5105.5698,2105870000.0,0.1022,19.32,23.79,21.24,45.32,4.7
2016-11-03,1.82,1.68,-0.1555,0.14,1.01,63.05,5058.4102,2107720000.0,0.1006,22.08,24.97,22.36,44.66,4.7
2016-11-04,1.79,1.68,-0.1555,0.11,0.99,87.98,5046.3701,2015130000.0,0.0997,22.51,25.38,23.03,44.07,4.7
2016-11-07,1.83,1.71,-0.1555,0.12,1.01,74.75,5166.1699,1914310000.0,0.121,18.71,22.25,19.66,44.88,4.7
2016-11-08,1.88,1.73,-0.1555,0.15,1.01,119.44,5193.4902,1736100000.0,0.1188,18.74,22.08,20.2,44.96,4.7
2016-11-09,2.07,1.82,-0.1555,0.25,1.17,246.03,5251.0698,2824560000.0,0.1233,14.38,19.12,17.15,45.2,4.7
2016-11-10,2.15,1.88,-0.1555,0.27,1.23,272.71,5208.7998,2984360000.0,0.1226,14.74,19.48,19.07,44.62,4.7
2016-11-14,2.23,1.83,-0.1555,0.4,1.23,263.29,5218.3999,2369190000.0,0.1214,14.48,19.88,19.7,43.29,4.7
2016-11-15,2.23,1.82,-0.1555,0.41,1.21,161.83,5275.6201,2156500000.0,0.1258,13.37,18.49,17.6,45.86,4.7
2016-11-16,2.22,1.83,-0.1555,0.39,1.22,135.29,5294.5801,2057140000.0,0.1253,13.72,19.11,17.3,45.56,4.7
2016-11-17,2.29,1.87,-0.1555,0.42,1.25,111.0,5333.9702,2081760000.0,0.1271,13.35,18.86,16.02,45.37,4.7
2016-11-18,2.34,1.9,-0.1555,0.44,1.27,176.29,5321.5098,1858610000.0,0.127,12.85,18.12,15.51,45.69,4.7
2016-11-21,2.33,1.91,-0.1555,0.42,1.25,94.21,5368.8599,1745320000.0,0.1281,12.42,18.0,14.74,47.48,4.7
2016-11-22,2.31,1.9,-0.1555,0.41,1.24,102.35,5386.3501,1886800000.0,0.1193,12.41,17.97,14.28,48.07,4.7
2016-11-23,2.36,1.92,-0.1555,0.44,1.24,84.27,5380.6802,1616740000.0,0.1192,12.43,17.9,14.26,46.72,4.7
2017-04-04,2.36,1.96,0.0813,0.4,1.11,103.95,5898.6099,1790840000.0,0.0858,11.79,17.26,12.15,50.99,4.4
2017-04-05,2.34,1.97,0.0813,0.37,1.1,75.28,5864.48,2204490000.0,0.0875,12.89,18.76,13.14,51.14,4.4
2017-04-06,2.34,1.95,0.0813,0.39,1.1,82.38,5878.9502,1845800000.0,0.0868,12.39,17.84,12.73,51.69,4.4
2017-04-07,2.38,1.94,0.0813,0.44,1.09,67.93,5877.8101,1692150000.0,0.0867,12.87,17.87,13.49,52.25,4.4
2017-04-10,2.37,1.93,0.0813,0.44,1.08,118.06,5880.9302,1630070000.0,0.0863,14.05,18.87,14.22,53.06,4.4
2017-04-11,2.32,1.91,0.0813,0.41,1.08,41.86,5866.77,1821650000.0,0.0846,15.07,18.73,15.13,53.38,4.4
2017-04-12,2.28,1.9,0.0813,0.38,1.04,79.49,5836.1602,1658960000.0,0.0762,15.77,20.14,15.56,53.12,4.4
2017-04-13,2.24,1.92,0.0813,0.32,1.03,59.73,5805.1499,1581870000.0,0.0748,15.96,20.11,15.9,53.19,4.4
2017-08-16,2.23,1.78,0.2994,0.45,0.9,47.71,6345.1099,1804730000.0,0.1039,11.74,16.06,14.22,46.8,4.4
2017-08-17,2.19,1.77,0.2994,0.42,0.87,56.82,6221.9102,2041220000.0,0.1158,15.55,18.76,18.6,47.07,4.4
2017-08-18,2.19,1.76,0.2994,0.43,0.86,60.34,6216.5298,1964590000.0,0.1122,14.26,17.76,17.85,48.59,4.4
2017-08-21,2.18,1.75,0.2994,0.43,0.86,60.63,6213.1299,1576070000.0,0.1117,13.19,17.61,17.37,47.39,4.4
2017-08-22,2.22,1.77,0.2994,0.45,0.89,74.28,6297.48,1597700000.0,0.118,11.35,16.17,15.21,47.65,4.4
2017-08-23,2.17,1.75,0.2994,0.42,0.85,69.07,6278.4102,1533220000.0,0.1142,12.25,16.52,15.8,48.45,4.4
2017-08-24,2.19,1.75,0.2994,0.44,0.86,42.9,6271.3301,1616780000.0,0.1141,12.23,16.3,15.97,47.24,4.4
2017-08-25,2.17,1.75,0.2994,0.42,0.82,72.15,6265.6401,1442900000.0,0.1127,11.28,15.68,15.52,47.65,4.4
2017-08-28,2.16,1.75,0.2994,0.41,0.83,80.49,6283.02,1558690000.0,0.113,11.32,15.81,15.18,46.4,4.4
2017-08-29,2.13,1.74,0.2994,0.39,0.8,81.46,6301.8901,1637640000.0,0.1125,11.7,16.07,15.98,46.46,4.4
2017-08-30,2.15,1.76,0.2994,0.39,0.82,42.02,6368.3101,1712070000.0,0.1152,11.22,15.19,15.12,45.96,4.4
2017-08-31,2.12,1.76,0.2994,0.36,0.79,43.34,6428.6602,1885710000.0,0.1184,10.59,14.85,14.33,47.26,4.4
2017-09-01,2.16,1.79,0.5295,0.37,0.81,57.53,6435.3301,1488040000.0,0.1184,10.13,14.31,14.1,47.32,4.3
2017-10-17,2.3,1.82,0.5295,0.48,0.76,49.38,6623.6602,1647240000.0,0.0692,10.31,14.1,14.4,51.87,4.3
2017-10-18,2.34,1.84,0.5295,0.5,0.75,100.11,6624.2202,1734030000.0,0.0691,10.07,13.71,14.32,52.05,4.3
2017-10-19,2.33,1.84,0.5295,0.49,0.75,82.48,6605.0698,1823860000.0,0.0701,10.05,13.83,14.64,51.29,4.3
2017-10-20,2.39,1.87,0.5295,0.52,0.79,62.32,6629.0498,1794810000.0,0.0672,9.97,13.49,14.32,51.63,4.3
2017-10-23,2.38,1.86,0.5295,0.52,0.8,136.2,6586.8301,1809320000.0,0.0641,11.07,14.98,15.74,51.91,4.3
2017-10-24,2.42,1.87,0.5295,0.55,0.82,37.25,6598.4302,1842640000.0,0.0637,11.16,15.37,15.51,52.32,4.3
2017-10-25,2.44,1.88,0.5295,0.56,0.83,60.11,6563.8901,2190720000.0,0.066,11.23,16.2,16.31,51.97,4.3
2017-10-26,2.46,1.89,0.5295,0.57,0.83,114.37,6556.77,2108210000.0,0.0642,11.3,15.74,15.82,52.41,4.3
2017-10-27,2.42,1.88,0.5295,0.54,0.83,87.39,6701.2598,2403600000.0,0.0886,9.8,14.41,14.3,53.92,4.3
2017-10-30,2.37,1.87,0.5295,0.5,0.79,64.62,6698.96,2013640000.0,0.0888,10.5,15.77,15.05,54.11,4.3
2017-10-31,2.38,1.88,0.5295,0.5,0.78,50.39,6727.6699,2043890000.0,0.0892,10.18,15.88,15.06,54.36,4.3
2017-11-01,2.37,1.88,0.0024,0.49,0.76,66.7,6716.5298,2056860000.0,0.0894,10.2,15.92,14.95,54.32,4.2
2017-11-02,2.35,1.87,0.0024,0.48,0.74,85.31,6714.9399,2262940000.0,0.0874,9.93,15.58,14.7,54.55,4.2
2017-11-03,2.34,1.86,0.0024,0.48,0.71,103.89,6764.4399,2195010000.0,0.089,9.14,14.97,13.9,55.63,4.2
2017-11-06,2.32,1.86,0.0024,0.46,0.71,92.35,6786.4399,2166470000.0,0.0833,9.4,14.78,13.9,57.34,4.2
2017-11-07,2.32,1.88,0.0024,0.44,0.69,100.93,6767.7798,2205270000.0,0.0845,9.89,15.7,14.12,57.19,4.2
2017-11-08,2.32,1.87,0.0024,0.45,0.67,67.48,6789.1201,2110990000.0,0.0797,9.78,15.54,14.06,56.82,4.2
2017-11-09,2.33,1.87,0.0024,0.46,0.7,65.11,6750.0498,2235180000.0,0.0825,10.5,15.5,15.04,57.16,4.2
2017-11-10,2.4,1.88,0.0024,0.52,0.73,56.77,6750.9399,1973970000.0,0.0812,11.29,15.49,15.03,56.75,4.2
2017-11-13,2.4,1.88,0.0024,0.52,0.7,134.97,6757.6001,1973790000.0,0.081,11.5,15.52,14.84,56.77,4.2
2017-11-14,2.38,1.87,0.0024,0.51,0.7,107.88,6737.8701,1983830000.0,0.0818,11.59,15.92,15.0,55.67,4.2
2017-11-15,2.33,1.85,0.0024,0.48,0.65,58.1,6706.21,1908660000.0,0.0834,13.13,16.44,16.09,55.28,4.2
2017-11-16,2.37,1.84,0.0024,0.53,0.65,83.79,6793.29,2002920000.0,0.0883,11.76,15.33,14.31,55.14,4.2
2017-11-17,2.35,1.86,0.0024,0.49,0.62,98.62,6782.79,1988090000.0,0.0886,11.43,14.8,13.79,56.21,4.2
2017-11-20,2.37,1.85,0.0024,0.52,0.6,79.5,6790.71,1800880000.0,0.0883,10.65,15.31,13.82,56.21,4.2
2017-11-21,2.36,1.84,0.0024,0.52,0.59,199.49,6862.48,1883550000.0,0.0925,9.73,14.79,12.78,56.84,4.2
2017-11-22,2.32,1.84,0.0024,0.48,0.58,52.93,6867.3599,1588200000.0,0.0924,9.88,15.44,12.74,57.88,4.2
2018-05-14,3.0,2.15,0.4159,0.85,0.45,127.21,7411.3198,2075670000.0,0.1639,12.93,14.74,16.08,71.01,3.8
2018-05-15,3.08,2.18,0.4159,0.9,0.5,42.73,7351.6299,2114040000.0,0.1649,14.63,14.87,17.51,71.34,3.8
2018-05-16,3.09,2.17,0.4159,0.92,0.51,50.06,7398.2998,2083660000.0,0.1612,13.42,14.63,16.71,71.43,3.8
2018-05-17,3.11,2.16,0.4159,0.95,0.54,74.49,7382.4702,1931700000.0,0.1613,13.43,14.33,17.19,71.47,3.8
2018-05-18,3.06,2.15,0.4159,0.91,0.51,129.32,7354.3398,1966710000.0,0.1447,13.42,14.44,16.87,71.23,3.8
2018-05-21,3.06,2.16,0.4159,0.9,0.48,87.84,7394.04,1949100000.0,0.1447,13.08,14.32,16.92,72.26,3.8
2018-05-22,3.06,2.15,0.4159,0.91,0.47,92.17,7378.46,1908280000.0,0.1342,13.22,14.73,16.92,72.09,3.8
2018-05-23,3.01,2.14,0.4159,0.87,0.48,171.23,7425.96,1980450000.0,0.1341,12.58,14.33,16.27,71.85,3.8
2018-05-24,2.98,2.12,0.4159,0.86,0.48,48.9,7424.4302,1992460000.0,0.1318,12.53,14.25,15.82,70.77,3.8
2018-05-25,2.93,2.09,0.4159,0.84,0.45,102.1,7433.8501,1757660000.0,0.1306,13.22,14.64,16.06,67.92,3.8
2018-08-16,2.87,2.08,0.0556,0.79,0.24,30.89,7806.52,1979540000.0,0.1209,13.45,14.47,16.43,65.44,3.8
2018-08-17,2.87,2.08,0.0556,0.79,0.26,62.36,7816.3301,1843150000.0,0.1151,12.64,14.3,15.86,65.93,3.8
2018-08-20,2.82,2.07,0.0556,0.75,0.22,45.18,7821.0098,1698970000.0,0.1124,12.49,14.64,16.29,66.5,3.8
2018-08-21,2.85,2.08,0.0556,0.77,0.24,81.92,7859.1699,1766630000.0,0.1132,12.86,14.34,16.22,67.32,3.8
2018-08-22,2.82,2.08,0.0556,0.74,0.22,38.52,7889.1001,1660460000.0,0.1121,12.25,14.34,15.64,67.85,3.8
2018-08-23,2.82,2.09,0.0556,0.73,0.21,89.75,7878.46,1879890000.0,0.1052,12.41,14.58,15.79,69.13,3.8
2018-08-24,2.82,2.09,0.0556,0.73,0.19,80.33,7945.98,1886600000.0,0.1079,11.99,13.86,15.16,69.71,3.8
2018-08-27,2.85,2.11,0.0556,0.74,0.18,108.44,8017.8999,2319130000.0,0.1102,12.16,14.09,15.6,69.97,3.8
2018-08-28,2.88,2.11,0.0556,0.77,0.21,165.65,8030.04,1961300000.0,0.109,12.5,14.38,15.42,68.54,3.8
2018-08-29,2.89,2.12,0.0556,0.77,0.22,92.96,8109.6899,1897000000.0,0.1122,12.25,14.38,15.27,69.68,3.8
2018-08-30,2.86,2.1,0.0556,0.76,0.22,90.46,8088.3599,2014450000.0,0.1118,13.53,14.61,16.02,70.25,3.8
2018-08-31,2.86,2.08,0.0556,0.78,0.24,121.46,8109.54,1899910000.0,0.1118,12.86,14.43,16.04,69.84,3.8
2018-10-16,3.16,2.13,0.1767,1.03,0.29,109.71,7645.4902,2623300000.0,0.1981,17.62,20.29,22.51,71.93,3.8
2018-10-17,3.19,2.13,0.1767,1.06,0.3,77.94,7642.7002,2364720000.0,0.1958,17.4,20.51,22.93,69.63,3.8
2018-10-18,3.17,2.1,0.1767,1.07,0.3,100.13,7485.1401,2545950000.0,0.2026,20.06,22.95,26.08,68.63,3.8
2018-10-19,3.2,2.11,0.1767,1.09,0.28,70.3,7449.0298,2532220000.0,0.2028,19.89,23.53,25.77,69.16,3.8
2018-10-22,3.2,2.11,0.1767,1.09,0.28,89.49,7468.6299,2282400000.0,0.2028,19.64,23.48,25.16,69.25,3.8
2018-10-23,3.17,2.09,0.1767,1.08,0.28,52.04,7437.54,2735820000.0,0.2014,20.71,24.08,25.26,66.49,3.8
2018-10-24,3.1,2.07,0.1767,1.03,0.26,73.6,7108.3999,2935550000.0,0.2368,25.23,27.97,30.25,66.56,3.8
2018-10-25,3.14,2.05,0.1767,1.09,0.28,89.53,7318.3398,2741810000.0,0.2534,24.22,26.52,29.54,67.25,3.8
2018-10-26,3.08,2.06,0.1767,1.02,0.27,65.53,7167.21,2964780000.0,0.2585,24.16,28.64,29.87,67.58,3.8
2018-10-29,3.08,2.06,0.1767,1.02,0.27,64.23,7050.29,2689550000.0,0.2593,24.7,29.36,31.75,67.0,3.8
2018-10-30,3.12,2.05,0.1767,1.07,0.28,51.28,7161.6499,2681310000.0,0.2634,23.35,28.35,30.73,66.18,3.8
2018-10-31,3.15,2.05,0.1767,1.1,0.28,79.07,7305.8999,2899730000.0,0.272,21.23,26.62,29.12,65.31,3.8
2018-11-01,3.14,2.02,-0.3349,1.12,0.3,84.17,7434.0601,2708880000.0,0.2759,19.34,23.92,26.12,63.67,3.8
2018-11-02,3.22,2.06,-0.3349,1.16,0.31,82.99,7356.9902,2889910000.0,0.2767,19.51,23.89,26.65,63.12,3.8
2018-11-05,3.2,2.06,-0.3349,1.14,0.29,90.47,7328.8501,2166470000.0,0.2765,19.96,24.25,27.26,63.12,3.8
2018-11-06,3.22,2.07,-0.3349,1.15,0.29,148.95,7375.96,2285680000.0,0.2775,19.91,23.79,26.17,62.16,3.8
2018-11-07,3.22,2.07,-0.3349,1.15,0.26,61.17,7570.75,2677530000.0,0.2898,16.36,20.22,22.39,61.69,3.8
2018-11-08,3.24,2.07,-0.3349,1.17,0.26,51.63,7530.8799,2462430000.0,0.2889,16.72,20.26,22.86,60.71,3.8
2018-11-09,3.19,2.04,-0.3349,1.15,0.25,41.01,7406.8999,2418490000.0,0.2918,17.36,22.36,24.27,60.19,3.8
2018-11-13,3.14,2.02,-0.3349,1.12,0.25,64.87,7200.8701,2343940000.0,0.301,20.02,24.51,27.68,55.63,3.8
2018-11-14,3.12,2.0,-0.3349,1.12,0.26,53.94,7136.3901,2540220000.0,0.3008,21.25,25.35,28.37,56.16,3.8
2018-11-15,3.11,2.0,-0.3349,1.11,0.25,55.04,7259.0298,2508720000.0,0.3035,19.98,23.58,26.05,56.45,3.8
2018-11-16,3.08,2.02,-0.3349,1.06,0.27,30.47,7247.8701,2438260000.0,0.3023,18.14,21.82,24.38,56.49,3.8
2018-11-19,3.06,1.99,-0.3349,1.07,0.27,10.92,7028.48,2354020000.0,0.3131,20.1,22.95,27.44,57.16,3.8
2018-11-20,3.06,1.97,-0.3349,1.09,0.27,29.26,6908.8198,2664950000.0,0.3155,22.48,25.24,28.77,53.39,3.8
2018-11-21,3.06,1.97,-0.3349,1.09,0.25,46.86,6972.25,1858050000.0,0.2963,20.8,23.55,26.96,54.41,3.8
2019-04-02,2.48,1.9,0.5295,0.58,0.18,130.56,7848.6899,2110100000.0,0.1336,13.36,17.51,16.33,62.53,3.6
2019-04-03,2.52,1.91,0.5295,0.61,0.19,81.95,7895.5498,2487210000.0,0.1341,13.74,17.52,16.62,62.46,3.6
2019-04-04,2.51,1.9,0.5295,0.61,0.18,82.78,7891.7798,2094200000.0,0.1332,13.58,16.97,16.79,62.12,3.6
2019-04-05,2.5,1.9,0.5295,0.6,0.15,50.15,7938.6899,2148730000.0,0.1321,12.82,16.13,16.17,63.1,3.6
2019-04-08,2.52,1.91,0.5295,0.61,0.16,58.07,7953.8799,2069190000.0,0.1319,13.18,16.76,16.82,64.37,3.6
2019-04-09,2.51,1.91,0.5295,0.6,0.16,60.19,7909.2798,2067570000.0,0.1335,14.28,17.61,17.65,64.05,3.6
2019-04-10,2.48,1.94,0.5295,0.54,0.17,71.78,7964.2402,1998280000.0,0.1344,13.3,16.86,16.76,64.62,3.6
2019-04-11,2.51,1.94,0.5295,0.57,0.16,54.57,7947.3599,1956840000.0,0.1341,13.02,16.86,16.66,63.61,3.6
2019-04-12,2.56,1.95,0.5295,0.61,0.16,75.79,7984.1602,1955290000.0,0.133,12.01,16.06,15.63,63.86,3.6
2019-04-15,2.55,1.94,0.5295,0.61,0.15,76.25,7976.0098,1816920000.0,0.1327,12.32,16.3,15.93,63.43,3.6
2019-04-16,2.6,1.96,0.5295,0.64,0.19,58.1,8000.23,2095330000.0,0.1326,12.18,16.09,15.88,64.01,3.6
2019-04-17,2.59,1.94,0.5295,0.65,0.19,63.24,7996.0801,2290690000.0,0.1286,12.6,16.43,15.86,63.74,3.6
2019-04-18,2.57,1.95,0.5295,0.62,0.19,56.96,7998.0601,2089360000.0,0.1223,12.09,16.03,15.15,64.02,3.6
2019-08-16,1.55,1.54,-0.0051,0.01,0.07,105.71,7895.9902,1995130000.0,0.2045,18.47,21.51,21.51,54.83,3.7
2019-08-19,1.6,1.56,-0.0051,0.04,0.07,144.84,8002.8101,1934980000.0,0.2077,16.88,19.86,20.43,56.24,3.7
2019-08-20,1.55,1.53,-0.0051,0.02,0.05,229.29,7948.5601,1747580000.0,0.2077,17.5,20.33,21.27,56.18,3.7
2019-08-21,1.59,1.54,-0.0051,0.05,0.03,278.29,8020.21,1716370000.0,0.2083,15.8,19.22,19.81,55.65,3.7
2019-08-22,1.62,1.55,-0.0051,0.07,0.01,186.06,7991.3901,1777630000.0,0.2085,16.68,20.3,20.83,55.33,3.7
2019-08-23,1.52,1.54,-0.0051,-0.02,0.01,268.83,7751.77,2207070000.0,0.2243,19.87,24.3,23.66,54.08,3.7
2019-08-26,1.54,1.54,-0.0051,0.0,0.0,267.98,7853.7402,1688860000.0,0.2283,19.32,23.17,23.24,53.54,3.7
2019-08-27,1.49,1.55,-0.0051,-0.06,-0.04,173.5,7826.9502,1913760000.0,0.2283,20.31,24.35,24.11,54.99,3.7
2019-08-28,1.47,1.55,-0.0051,-0.08,-0.03,132.75,7856.8799,1656930000.0,0.2286,19.35,23.04,23.12,55.76,3.7
2019-08-29,1.5,1.59,-0.0051,-0.09,-0.03,100.25,7973.3901,1700840000.0,0.2331,17.88,21.1,21.25,56.67,3.7
2019-08-30,1.5,1.55,-0.0051,-0.05,0.0,116.43,7962.8799,1665840000.0,0.2323,18.98,22.02,22.39,55.07,3.7
2019-10-15,1.77,1.56,0.2286,0.21,0.16,68.05,8148.71,1836650000.0,0.1519,13.54,17.41,17.18,52.81,3.6
2019-10-16,1.75,1.57,0.2286,0.18,0.17,114.65,8124.1802,1886720000.0,0.1481,13.68,17.71,17.58,53.42,3.6
2019-10-17,1.76,1.59,0.2286,0.17,0.16,156.8,8156.8501,1861570000.0,0.1397,13.79,17.11,17.39,53.89,3.6
2019-10-18,1.76,1.6,0.2286,0.16,0.18,64.05,8089.54,2012930000.0,0.1418,14.25,17.83,17.82,53.75,3.6
2019-10-21,1.8,1.61,0.2286,0.19,0.18,57.74,8162.9902,1752860000.0,0.1441,14.0,17.52,17.39,53.28,3.6
2019-10-22,1.78,1.61,0.2286,0.17,0.18,42.25,8104.2998,1847200000.0,0.1457,14.46,17.86,18.34,54.21,3.6
2019-10-23,1.77,1.61,0.2286,0.16,0.19,80.02,8119.79,1805030000.0,0.1425,14.01,17.33,17.78,55.9,3.6
2019-10-24,1.77,1.62,0.2286,0.15,0.19,56.27,8185.7998,1882490000.0,0.1442,13.71,17.05,17.35,56.11,3.6
2019-10-25,1.8,1.65,0.2286,0.15,0.17,67.88,8243.1201,1894740000.0,0.1455,12.65,16.04,16.17,56.52,3.6
2019-10-28,1.85,1.64,0.2286,0.21,0.21,28.94,8325.9902,1956280000.0,0.1478,13.11,16.62,16.81,55.6,3.6
2019-10-29,1.84,1.61,0.2286,0.23,0.2,134.13,8276.8496,1834530000.0,0.1487,13.2,17.0,17.47,55.34,3.6
2019-10-30,1.78,1.57,0.2286,0.21,0.17,111.12,8303.9805,1928420000.0,0.1489,12.33,16.75,16.71,54.85,3.6
2019-10-31,1.69,1.54,0.2286,0.15,0.17,133.29,8292.3604,2258270000.0,0.149,13.22,17.21,17.36,54.02,3.6
2019-11-01,1.73,1.59,-0.0536,0.14,0.17,35.14,8386.4004,2057310000.0,0.1499,12.3,16.08,16.27,56.04,3.6
2019-11-04,1.79,1.64,-0.0536,0.15,0.19,75.66,8433.2002,2149910000.0,0.1504,12.83,16.68,16.56,56.33,3.6
2019-11-05,1.86,1.68,-0.0536,0.18,0.23,129.4,8434.6797,2316710000.0,0.1426,13.1,16.76,17.08,57.04,3.6
2019-11-06,1.81,1.66,-0.0536,0.15,0.2,48.77,8410.6299,2332650000.0,0.1408,12.62,16.91,16.45,56.15,3.6
2019-11-07,1.92,1.69,-0.0536,0.23,0.24,67.84,8434.5195,2393950000.0,0.1392,12.73,16.95,16.66,56.91,3.6
2019-11-08,1.94,1.71,-0.0536,0.23,0.26,127.43,8475.3096,1974190000.0,0.1338,12.07,16.4,16.17,57.02,3.6
2019-11-12,1.92,1.7,-0.0536,0.22,0.26,89.57,8486.0898,1987820000.0,0.1271,12.68,16.08,15.86,56.67,3.6
2019-11-13,1.88,1.66,-0.0536,0.22,0.25,106.88,8482.0996,2173320000.0,0.1154,13.0,16.43,16.24,56.88,3.6
2019-11-14,1.82,1.62,-0.0536,0.2,0.24,53.75,8479.0195,2106550000.0,0.113,13.05,16.74,15.85,56.57,3.6
2019-11-15,1.84,1.63,-0.0536,0.21,0.23,56.77,8540.8301,2188210000.0,0.1088,12.05,15.47,14.57,57.54,3.6
2019-11-18,1.81,1.63,-0.0536,0.18,0.21,19.85,8549.9404,2047240000.0,0.1076,12.46,15.79,14.94,56.82,3.6
2019-11-19,1.79,1.63,-0.0536,0.16,0.19,33.14,8570.6602,2075000000.0,0.0909,12.86,16.18,15.25,54.93,3.6
2019-11-20,1.73,1.6,-0.0536,0.13,0.17,46.27,8526.7305,2596030000.0,0.0913,12.78,16.07,15.61,56.71,3.6
2019-11-21,1.77,1.63,-0.0536,0.14,0.17,65.17,8506.21,2056230000.0,0.0918,13.13,16.46,16.07,58.36,3.6
2019-11-22,1.77,1.62,-0.0536,0.15,0.16,83.86,8519.8799,1877090000.0,0.0856,12.34,15.39,15.6,57.68,3.6
2019-11-25,1.76,1.62,-0.0536,0.14,0.15,41.17,8632.4902,2256070000.0,0.0911,11.87,15.34,15.08,57.79,3.6
2019-11-26,1.74,1.62,-0.0536,0.12,0.16,37.49,8647.9297,2434570000.0,0.086,11.54,14.97,14.78,58.25,3.6
2019-11-27,1.77,1.63,-0.0536,0.14,0.14,37.18,8705.1797,1744580000.0,0.0857,11.75,14.91,14.86,58.12,3.6
2020-03-31,0.7,0.87,0.388,-0.17,0.47,516.55,7700.1001,4059700000.0,0.8024,53.54,60.46,51.29,20.51,3.5
2020-04-01,0.62,0.91,-0.6687,-0.29,0.39,474.81,7360.5801,3685510000.0,0.8079,57.06,65.26,54.29,20.28,14.7
2020-04-02,0.63,1.03,-0.6687,-0.4,0.4,738.02,7487.3101,3608190000.0,0.8116,50.91,58.37,48.91,25.18,14.7
2020-04-03,0.62,1.08,-0.6687,-0.46,0.39,540.5,7373.0801,3279100000.0,0.8113,46.8,56.82,44.87,28.36,14.7
2020-04-06,0.67,1.14,-0.6687,-0.47,0.4,605.38,7913.2402,3849100000.0,0.838,45.24,53.49,42.93,26.21,14.7
2020-04-07,0.75,1.17,-0.6687,-0.42,0.47,468.08,7887.2598,4069410000.0,0.8352,46.7,55.4,44.69,23.54,14.7
2020-04-08,0.77,1.19,-0.6687,-0.42,0.5,524.13,8090.8999,3470730000.0,0.8395,43.35,53.19,42.34,24.97,14.7
2020-04-09,0.73,1.23,-0.6687,-0.5,0.5,417.54,8153.5801,4123670000.0,0.8297,41.67,52.48,41.36,22.9,14.7
2020-08-17,0.69,1.66,0.5058,-0.97,0.55,350.55,11129.7305,3193160000.0,0.1936,21.35,27.43,27.73,42.89,10.2
2020-08-18,0.67,1.68,0.5058,-1.01,0.53,341.68,11210.8398,3199470000.0,0.1914,21.51,28.23,26.9,42.89,10.2
2020-08-19,0.68,1.67,0.5058,-0.99,0.54,216.18,11146.46,3467890000.0,0.1896,22.54,28.65,28.88,42.91,10.2
2020-08-20,0.65,1.62,0.5058,-0.97,0.52,250.25,11264.9502,4170980000.0,0.191,22.72,28.73,28.44,42.62,10.2
2020-08-21,0.64,1.64,0.5058,-1.0,0.48,286.03,11311.7998,3905670000.0,0.1907,22.54,28.73,28.62,42.32,10.2
2020-08-24,0.65,1.67,0.5058,-1.02,0.51,186.9,11379.7197,3885880000.0,0.1772,22.37,28.47,29.83,42.44,10.2
2020-08-25,0.69,1.7,0.5058,-1.01,0.54,213.68,11466.4697,3454500000.0,0.1767,22.03,28.29,29.11,43.17,10.2
2020-08-26,0.69,1.72,0.5058,-1.03,0.53,154.27,11665.0596,3441550000.0,0.1813,23.27,28.67,32.1,43.21,10.2
2020-08-27,0.74,1.73,0.5058,-0.99,0.58,180.61,11625.3398,3535800000.0,0.1796,24.47,29.61,33.32,42.88,10.2
2020-08-28,0.74,1.77,0.5058,-1.03,0.6,296.28,11695.6299,2997810000.0,0.1798,22.96,28.03,32.8,42.96,10.2
2020-08-31,0.72,1.8,0.5058,-1.08,0.58,169.1,11775.46,3596980000.0,0.1685,26.41,31.65,34.55,42.61,10.2
2020-09-01,0.68,1.76,0.1393,-1.08,0.55,204.69,11939.6699,3480780000.0,0.168,26.12,32.15,34.67,42.76,7.9
2020-09-02,0.66,1.73,0.1393,-1.07,0.52,237.83,12056.4404,3966140000.0,0.1688,26.57,33.08,36.8,42.76,7.9
2020-09-03,0.63,1.65,0.1393,-1.02,0.5,243.52,11458.0996,4437500000.0,0.2192,33.6,38.2,42.09,41.39,7.9
2020-09-04,0.72,1.7,0.1393,-0.98,0.58,224.01,11313.1299,4269190000.0,0.2211,30.75,36.0,41.74,39.69,7.9
2020-10-20,0.81,1.72,0.0415,-0.91,0.67,234.01,11516.4902,3483200000.0,0.2498,29.35,34.93,35.25,41.37,6.9
2020-10-21,0.83,1.74,0.0415,-0.91,0.69,158.05,11484.6904,3445520000.0,0.2389,28.65,34.26,35.08,39.88,6.9
2020-10-22,0.87,1.76,0.0415,-0.89,0.71,167.77,11506.0098,3414590000.0,0.2303,28.11,33.15,34.28,40.46,6.9
2020-10-23,0.85,1.75,0.0415,-0.9,0.67,138.34,11548.2803,3134240000.0,0.2292,27.55,32.95,33.45,39.73,6.9
2020-10-26,0.81,1.72,0.0415,-0.91,0.65,294.62,11358.9404,3186950000.0,0.2298,32.46,37.8,37.41,38.39,6.9
2020-10-27,0.79,1.71,0.0415,-0.92,0.63,187.07,11431.3496,3079530000.0,0.228,33.35,39.07,36.56,39.34,6.9
2020-10-28,0.79,1.7,0.0415,-0.91,0.63,234.14,11004.8701,3912580000.0,0.2516,40.28,44.99,43.39,37.27,6.9
2020-10-29,0.85,1.71,0.0415,-0.86,0.69,298.36,11185.5898,3222460000.0,0.253,37.59,41.38,40.08,35.94,6.9
2020-10-30,0.88,1.7,0.0415,-0.82,0.74,277.43,10911.5898,3662840000.0,0.2617,38.02,41.36,41.3,35.64,6.9
2020-11-02,0.87,1.71,0.0415,-0.84,0.71,418.93,10957.6104,3196720000.0,0.2619,37.13,41.37,40.9,36.6,6.9
2020-11-03,0.9,1.72,0.0415,-0.82,0.73,335.3,11160.5703,3190710000.0,0.2626,35.55,38.93,38.38,37.44,6.9
2020-11-04,0.78,1.64,0.0415,-0.86,0.64,370.7,11590.7803,3606820000.0,0.2668,29.57,33.52,33.36,38.97,6.9
2020-11-05,0.79,1.66,0.0415,-0.87,0.65,303.07,11890.9297,3823380000.0,0.2748,27.58,31.14,32.82,38.56,6.9
2020-11-06,0.83,1.65,0.0415,-0.82,0.67,390.29,11895.2305,4156030000.0,0.2691,24.86,29.37,30.01,36.97,6.9
2020-11-09,0.96,1.73,0.0415,-0.77,0.79,254.34,11713.7803,5823620000.0,0.2699,25.75,30.48,31.32,40.05,6.9
2020-11-10,0.98,1.76,0.0415,-0.78,0.79,192.03,11553.8604,4712950000.0,0.2734,24.8,30.98,32.53,41.18,6.9
2020-11-12,0.88,1.71,0.0415,-0.83,0.71,184.25,11709.5898,3862690000.0,0.2766,25.35,31.62,30.91,40.9,6.9
2020-11-13,0.89,1.72,0.0415,-0.83,0.72,123.79,11829.29,3640680000.0,0.2685,23.1,30.0,29.03,39.93,6.9
2020-11-16,0.91,1.72,0.0415,-0.81,0.72,254.24,11924.1299,4138920000.0,0.2618,22.45,30.09,27.37,41.14,6.9
2020-11-17,0.87,1.7,0.0415,-0.83,0.69,196.81,11899.3398,4122770000.0,0.2568,22.71,29.54,27.31,41.24,6.9
2020-11-18,0.88,1.7,0.0415,-0.82,0.72,154.81,11801.5996,4699160000.0,0.2536,23.84,30.68,27.47,41.64,6.9
2020-11-19,0.86,1.7,0.0415,-0.84,0.68,224.65,11904.71,5322580000.0,0.2543,23.11,30.17,26.81,41.57,6.9
2020-11-20,0.83,1.69,0.0415,-0.86,0.67,230.2,11854.9697,5319340000.0,0.252,23.7,29.5,26.91,41.99,6.9
2020-11-23,0.86,1.71,0.0415,-0.85,0.7,415.59,11880.6299,5360830000.0,0.2412,22.66,28.76,26.64,42.91,6.9
2020-11-24,0.88,1.74,0.0415,-0.86,0.72,262.51,12036.79,6277790000.0,0.2441,21.64,29.36,25.99,44.71,6.9
2020-11-25,0.88,1.75,0.0415,-0.87,0.71,276.82,12094.4004,4425030000.0,0.243,21.25,28.76,25.69,45.58,6.9
2021-03-30,1.73,2.35,0.7083,-0.62,1.57,121.16,13045.3896,4685320000.0,0.2817,19.61,31.98,26.39,60.55,6.0
2021-03-31,1.74,2.37,0.7083,-0.63,1.58,136.03,13246.8701,4980670000.0,0.2862,19.4,30.6,24.89,59.19,6.0
2021-04-01,1.69,2.35,0.8219,-0.66,1.52,76.09,13480.1104,4553470000.0,0.291,17.33,27.36,23.21,61.41,6.0
2021-05-17,1.64,2.54,0.8219,-0.9,1.48,128.94,13379.0498,3980630000.0,0.1811,19.72,27.98,25.59,66.24,6.0
2021-05-18,1.64,2.52,0.8219,-0.88,1.48,96.41,13303.6396,4283680000.0,0.1816,21.34,28.93,26.14,65.49,6.0
2021-05-19,1.68,2.48,0.8219,-0.8,1.52,147.69,13299.7402,4314980000.0,0.1816,22.18,29.88,26.66,63.28,6.0
2021-05-20,1.63,2.41,0.8219,-0.78,1.48,189.22,13535.7402,3972730000.0,0.1868,20.67,28.11,24.24,61.95,6.0
2021-05-21,1.63,2.43,0.8219,-0.8,1.46,108.94,13470.9902,3704590000.0,0.1863,20.15,26.46,24.3,63.61,6.0
2021-05-24,1.61,2.44,0.8219,-0.83,1.46,183.43,13661.1699,3490650000.0,0.1911,18.4,24.93,22.76,66.13,6.0
2021-05-25,1.56,2.42,0.8219,-0.86,1.41,145.6,13657.1699,4084480000.0,0.1883,18.84,25.41,23.4,66.27,6.0
2021-05-26,1.58,2.4,0.8219,-0.82,1.44,71.66,13738.0,4231140000.0,0.1872,17.36,24.2,22.35,66.41,6.0
2021-05-27,1.61,2.42,0.8219,-0.81,1.47,70.25,13736.2803,5057550000.0,0.183,16.74,23.46,22.12,66.87,6.0
2021-05-28,1.58,2.42,0.8219,-0.84,1.44,171.86,13748.7402,4435220000.0,0.1829,16.76,23.26,21.44,66.31,6.0
2021-08-17,1.26,2.33,0.4811,-1.07,1.03,113.72,14656.1797,4151190000.0,0.1075,17.91,26.75,21.17,66.5,5.4
2021-08-18,1.27,2.32,0.4811,-1.05,1.04,113.23,14525.9102,3814120000.0,0.1105,21.57,28.22,24.35,65.36,5.4
2021-08-19,1.24,2.28,0.4811,-1.04,1.02,78.58,14541.79,4172870000.0,0.1087,21.67,29.37,23.52,63.69,5.4
2021-08-20,1.26,2.27,0.4811,-1.01,1.03,85.35,14714.6602,3864780000.0,0.1105,18.56,26.5,20.97,62.25,5.4
2021-08-23,1.25,2.27,0.4811,-1.02,1.02,177.96,14942.6504,3893990000.0,0.119,17.15,24.54,19.8,65.65,5.4
2021-08-24,1.29,2.3,0.4811,-1.01,1.05,86.77,15019.7998,3792870000.0,0.119,17.22,24.72,19.86,67.5,5.4
2021-08-25,1.35,2.35,0.4811,-1.0,1.12,74.18,15041.8604,3629990000.0,0.1187,16.79,24.27,19.6,68.54,5.4
2021-08-26,1.34,2.33,0.4811,-0.99,1.09,54.9,14945.8096,3610970000.0,0.1184,18.84,25.72,21.37,67.42,5.4
2021-08-27,1.31,2.39,0.4811,-1.08,1.09,69.52,15129.5,4006310000.0,0.1197,16.39,23.65,18.54,68.84,5.4
2021-08-30,1.29,2.37,0.4811,-1.08,1.09,77.75,15265.8896,4034110000.0,0.1157,16.19,24.06,19.08,69.28,5.4
2021-08-31,1.3,2.33,0.4811,-1.03,1.1,166.77,15259.2402,4170170000.0,0.1088,16.48,23.92,19.48,68.43,5.4
2021-09-01,1.31,2.34,0.2716,-1.03,1.11,88.74,15309.3799,4248030000.0,0.1066,16.11,23.81,19.84,68.63,4.7
2021-09-02,1.29,2.32,0.2716,-1.03,1.09,72.75,15331.1797,4018120000.0,0.1064,16.41,23.68,20.03,70.07,4.7
2021-09-03,1.33,2.34,0.2716,-1.01,1.12,88.32,15363.5195,3692170000.0,0.1031,16.41,23.61,19.75,69.34,4.7
2021-10-19,1.65,2.54,0.8308,-0.89,1.24,73.95,15129.0898,4443000000.0,0.1678,15.7,20.87,18.31,83.19,4.6
2021-10-20,1.65,2.57,0.8308,-0.92,1.25,59.85,15121.6797,4086590000.0,0.1671,15.49,20.5,18.73,84.4,4.6
2021-10-21,1.68,2.64,0.8308,-0.96,1.23,69.73,15215.7002,4880390000.0,0.168,15.01,20.34,18.63,82.64,4.6
2021-10-22,1.66,2.64,0.8308,-0.98,1.18,101.73,15090.2002,5719760000.0,0.1678,15.43,20.48,19.12,84.53,4.6
2021-10-25,1.64,2.66,0.8308,-1.02,1.17,102.62,15226.71,5677320000.0,0.1698,15.24,20.84,18.8,84.64,4.6
2021-10-26,1.63,2.69,0.8308,-1.06,1.16,99.45,15235.71,7035470000.0,0.1692,15.98,21.15,19.38,85.64,4.6
2021-10-27,1.54,2.65,0.8308,-1.11,1.04,63.73,15235.8398,6083210000.0,0.1676,16.98,22.71,20.12,82.66,4.6
2021-10-28,1.57,2.57,0.8308,-1.0,1.07,90.49,15448.1201,5660240000.0,0.1723,16.53,21.92,19.75,82.78,4.6
2021-10-29,1.55,2.51,0.8308,-0.96,1.07,77.35,15498.3896,5310370000.0,0.1699,16.26,22.08,19.64,83.5,4.6
2021-11-01,1.58,2.5,0.4913,-0.92,1.08,136.17,15595.9199,5239250000.0,0.1556,16.41,23.47,19.73,84.08,4.2
2021-11-02,1.56,2.51,0.4913,-0.95,1.1,110.75,15649.5996,5118540000.0,0.1557,16.03,23.3,19.73,83.91,4.2
2021-11-03,1.6,2.53,0.4913,-0.93,1.13,188.57,15811.5801,5274520000.0,0.1557,15.1,23.16,19.43,80.82,4.2
2021-11-04,1.53,2.56,0.4913,-1.03,1.12,156.8,15940.3096,5252570000.0,0.1548,15.44,22.88,20.26,78.88,4.2
2021-11-05,1.45,2.54,0.4913,-1.09,1.06,211.53,15971.5898,5534130000.0,0.1547,16.48,23.46,21.57,81.25,4.2
2021-11-08,1.51,2.62,0.4913,-1.11,1.06,363.38,15982.3604,5620280000.0,0.1532,17.22,24.15,21.88,81.96,4.2
2021-11-09,1.46,2.63,0.4913,-1.17,1.05,149.84,15886.54,5531330000.0,0.125,17.78,24.63,22.69,84.12,4.2
2021-11-10,1.56,2.7,0.4913,-1.14,1.05,39.0,15622.71,5336480000.0,0.1367,18.73,25.33,23.27,81.23,4.2
2021-11-12,1.58,2.73,0.4913,-1.15,1.05,202.74,15860.96,5412870000.0,0.1361,16.29,23.41,21.42,80.87,4.2
2021-11-15,1.63,2.76,0.4913,-1.13,1.1,107.9,15853.8496,4978040000.0,0.1153,16.49,23.58,21.71,80.85,4.2
2021-11-16,1.63,2.73,0.4913,-1.1,1.09,112.32,15973.8604,5441150000.0,0.1129,16.37,23.09,21.28,80.76,4.2
2021-11-17,1.6,2.7,0.4913,-1.1,1.08,114.88,15921.5703,5024540000.0,0.1144,17.11,24.14,21.56,78.32,4.2
2021-11-18,1.59,2.73,0.4913,-1.14,1.07,141.8,15993.71,5361690000.0,0.1124,17.59,24.35,21.39,78.92,4.2
2021-11-19,1.54,2.65,0.4913,-1.11,1.02,120.37,16057.4404,4849160000.0,0.1098,17.91,24.84,21.75,76.11,4.2
2021-11-22,1.63,2.61,0.4913,-0.98,1.0,92.12,15854.7598,5531070000.0,0.1159,19.17,25.77,23.5,76.74,4.2
2021-11-23,1.67,2.62,0.4913,-0.95,1.07,98.64,15775.1396,5412610000.0,0.1176,19.38,26.31,24.43,78.32,4.2
2021-11-24,1.64,2.61,0.4913,-0.97,1.0,131.12,15845.2305,4178630000.0,0.117,18.58,25.83,23.82,78.32,4.2
2022-04-05,2.54,2.84,0.5583,-0.3,0.03,126.89,14204.1699,4707090000.0,0.324,21.03,26.85,27.4,101.98,3.6
2022-04-06,2.61,2.83,0.5583,-0.22,0.11,168.21,13888.8203,5265740000.0,0.3215,22.1,27.98,28.91,96.39,3.6
2022-04-07,2.66,2.82,0.5583,-0.16,0.19,171.04,13897.2998,4822420000.0,0.3079,21.55,27.32,28.48,96.05,3.6
2022-04-08,2.72,2.87,0.5583,-0.15,0.19,124.74,13711.0,4554890000.0,0.3072,21.16,27.19,28.06,98.35,3.6
2022-04-11,2.79,2.91,0.5583,-0.12,0.29,241.25,13411.96,4916860000.0,0.3135,24.37,28.95,30.75,94.22,3.6
2022-04-12,2.72,2.86,0.5583,-0.14,0.33,103.12,13371.5703,4965220000.0,0.3103,24.26,28.67,30.38,100.52,3.6
2022-04-13,2.7,2.8,0.5583,-0.1,0.33,90.43,13643.5898,4887660000.0,0.3123,21.82,26.1,26.85,104.26,3.6
2022-04-14,2.83,2.89,0.5583,-0.06,0.36,142.29,13351.0801,4623410000.0,0.3154,22.7,27.26,28.86,106.84,3.6
